example_id,role,family,family_label,attempt,ph_size,target_mean,mean,scv,skewness,kurtosis
0,arrival,hyper_erlang,Hyper Erlang,1,87,1.0,1.0,0.03331771104941872,0.36499308706664474,3.2004717974129617
0,service,coxian,Coxian,1,37,0.6371596825752465,0.6371596825752465,2.4023174154824307,4.940112397271882,95.96919824657739
1,arrival,coxian,Coxian,2,79,1.0,1.0,0.5920044161209455,1.7286098268704508,7.951316066418752
1,service,hyper_general,Hyper General,5,38,0.8045485649336548,0.8045485649336549,2.44053905419258,8.802179170701159,649.4590045530579
2,arrival,hyper_general,Hyper General,1,7,1.0,1.0,1.0000000000000004,1.9999999999999987,8.999999999999996
2,service,hyper_erlang,Hyper Erlang,1,25,0.6909339384865548,0.6909339384865549,7.320165148586514,5.313407191539583,45.507558981509206
3,arrival,hyper_erlang,Hyper Erlang,1,53,1.0,1.0,8.848321774464218,5.973240380385985,55.936014950644214
3,service,coxian,Coxian,1,7,0.7518360653235254,0.7518360653235253,1.268904772879478,2.0556036800712967,9.246015468652311
4,arrival,coxian,Coxian,1,44,1.0,1.0000000000000002,4.004327209329698,3.835811907936167,23.00709542769735
4,service,hyper_general,Hyper General,1,57,0.5583641609067547,0.5583641609067546,2.794801337565624,149.9131178406153,48311.65336044021
5,arrival,hyper_general,Hyper General,1,60,1.0,1.0,19.12004923263331,21.84247863708913,771.8775300540514
5,service,hyper_erlang,Hyper Erlang,1,86,0.8165462537074215,0.8165462537074213,5.53710969559161,3.3584695732480645,20.39219337136815
6,arrival,hyper_erlang,Hyper Erlang,1,15,1.0,0.9999999999999998,8.273232099382428,4.649009304264729,31.939041125096512
6,service,coxian,Coxian,2,11,0.6483054750679598,0.6483054750679595,1.8348610526657139,9.809954865383602,277.93616503015727
7,arrival,coxian,Coxian,3,83,1.0,1.0,3.58018772726282,20.255811810689178,899.2565616089074
7,service,hyper_general,Hyper General,2,17,0.8454277229981352,0.8454277229981354,1.5142430546431567,2.730535088644475,89.52574258958427
8,arrival,hyper_general,Hyper General,1,4,1.0,1.0,1.528093976018336,2.335684529800045,11.09339518778434
8,service,hyper_erlang,Hyper Erlang,1,68,0.8323243677696567,0.8323243677696566,4.9157345507803925,3.735531606147925,24.404809421877754
9,arrival,hyper_erlang,Hyper Erlang,2,87,1.0,1.0,3.138695975787,3.3385726979713386,22.28092718382667
9,service,coxian,Coxian,1,67,0.7747167146787883,0.7747167146787882,9.451606131579236,12.818107401250032,229.60028960199938
10,arrival,coxian,Coxian,1,19,1.0,1.0,1.946392017885057,2.3255522990519966,10.658894495884104
10,service,hyper_general,Hyper General,1,2,0.7406460818789853,0.7406460818789852,1.0000000000000004,1.9999999999999987,8.999999999999998
11,arrival,hyper_general,Hyper General,1,80,1.0,1.0,4.9498970947382706,48.06350012234685,4339.408378258102
11,service,hyper_erlang,Hyper Erlang,1,91,0.5786797294910406,0.5786797294910406,1.2213234936747563,0.7448366013460166,2.6286488439531013
12,arrival,hyper_erlang,Hyper Erlang,1,64,1.0,1.0,1.3872387035838702,2.027500828358828,12.818271399841201
12,service,coxian,Coxian,1,42,0.8000717272963541,0.8000717272963539,3.0444472253186534,3.79889577778455,25.03891309705888
13,arrival,coxian,Coxian,1,37,1.0,1.0,7.224910825149511,1205.1271597888206,2244746.28801031
13,service,hyper_general,Hyper General,3,95,0.603540946290384,0.6035409462903849,1.4374682320941694,5.210552522714061,108.32690112551474
14,arrival,hyper_general,Hyper General,1,33,1.0,1.0,17.775116211746557,73.12137668995548,11209.802833559312
14,service,hyper_erlang,Hyper Erlang,1,14,0.9206933754975511,0.9206933754975509,3.3531429474360994,8.518460598676329,108.60627126019078
15,arrival,hyper_erlang,Hyper Erlang,2,15,1.0,1.0000000000000002,1.4713489117066352,1.9906015247166355,8.445135543724328
15,service,coxian,Coxian,1,43,0.9034154461784832,0.9034154461784834,1.1953823158906274,3.0085204398383287,20.978866227099683
16,arrival,coxian,Coxian,1,62,1.0,1.0,5.570182551383227,4.091579583338867,25.522651153697304
16,service,hyper_general,Hyper General,3,94,0.6403948388078106,0.6403948388078103,2.1960667065815613,3.114046797764478,18.419143986753014
17,arrival,hyper_general,Hyper General,1,85,1.0,0.9999999999999961,7.589101843918717,4.765427673608312,35.51806331553637
17,service,hyper_erlang,Hyper Erlang,2,18,0.7863567834062156,0.7863567834062157,0.6482466337635666,0.3595118448323913,1.7918814192262795
18,arrival,hyper_erlang,Hyper Erlang,1,50,1.0,1.0,11.629335222232067,4.372667015051974,24.582822908588398
18,service,coxian,Coxian,1,100,0.8491533901745038,0.8491533901745038,0.9959501767740315,1.999928539754738,8.99994631023124
19,arrival,coxian,Coxian,1,34,1.0,1.0000000000000002,6.053942639152626,3.7913411129440613,22.580015641958283
19,service,hyper_general,Hyper General,2,55,0.7690204667291365,0.7690204667291366,17.21519766858577,9.572241786683952,152.20392520887484
20,arrival,hyper_general,Hyper General,1,65,1.0,1.0,1.5108310513786538,17.832273271943375,3690.028646480601
20,service,hyper_erlang,Hyper Erlang,1,52,0.8488486732826024,0.8488486732826025,0.02198519668342194,-0.308193846542876,6.085236004597598
21,arrival,hyper_erlang,Hyper Erlang,1,75,1.0,0.9999999999999999,3.4758488879815417,7.53379696025906,121.19323211218942
21,service,coxian,Coxian,1,5,0.6376565130538585,0.6376565130538582,1.4900893357912748,2.103293608750795,9.470457122071446
22,arrival,coxian,Coxian,3,35,1.0,1.0,0.9866151540674803,2.035962709245418,9.491528967804987
22,service,hyper_general,Hyper General,1,68,0.6453561761517388,0.6453561761517366,12.165300660474836,13.133456161330102,383.3796273860677
23,arrival,hyper_general,Hyper General,2,92,1.0,1.0,7.396872155448616,5.721501665119716,74.58967823225105
23,service,hyper_erlang,Hyper Erlang,1,39,0.8171843450642394,0.8171843450642393,6.747525036402318,4.655457220238296,30.375128370965058
24,arrival,hyper_erlang,Hyper Erlang,1,72,1.0,1.0,5.020195106833458,7.233107786181172,80.97257471274263
24,service,coxian,Coxian,1,30,0.6094711326908657,0.6094711326908657,1.452317587260403,2.57147758740358,13.399614135429626
25,arrival,coxian,Coxian,1,24,1.0,1.0,1.3200554523192234,22.611264867073093,5047.436016505156
25,service,hyper_general,Hyper General,3,55,0.8520920093333423,0.8520920093333668,8.845559448219896,12.03068630083375,231.5183695130452
26,arrival,hyper_general,Hyper General,5,46,1.0,1.0,17.80170446079085,22.923121561812792,1737.0121169543881
26,service,hyper_erlang,Hyper Erlang,1,19,0.5151215421188613,0.5151215421188614,0.4560113849354953,0.25888400421222685,2.5415586294113153
27,arrival,hyper_erlang,Hyper Erlang,1,63,1.0,1.0,2.9214018116081046,3.6527088117536826,26.746678347189636
27,service,coxian,Coxian,1,37,0.6289187573192694,0.6289187573192694,2.026616865544979,2.99512597523631,15.742846047889223
28,arrival,coxian,Coxian,1,83,1.0,1.0,1.2212527248011256,1.9154971785816692,8.256526307459637
28,service,hyper_general,Hyper General,1,13,0.7640218018529712,0.7640218018529712,1.0594295942399177,3.7817332190869144,92.47964790596983
29,arrival,hyper_general,Hyper General,2,79,1.0,1.0,4.865095214526742,43.560347857079456,4524.997119097118
29,service,hyper_erlang,Hyper Erlang,1,52,0.9328838902378591,0.9328838902378588,6.465994968455035,3.9470403153171314,26.079918199925668
30,arrival,hyper_erlang,Hyper Erlang,1,40,1.0,1.0,5.2735399982281566,3.6481304089592377,20.96185959489413
30,service,coxian,Coxian,1,37,0.7244439980071532,0.7244439980071533,5.310867788327419,3.8880338323917707,23.56498616922058
31,arrival,coxian,Coxian,1,16,1.0,1.0,2.948072265752305,4.94457904179726,60.72890598245993
31,service,hyper_general,Hyper General,3,95,0.9059550508933142,0.9059550508933167,14.220317239241787,6.639682132988808,68.48021927392365
32,arrival,hyper_general,Hyper General,1,100,1.0,0.9999999999999969,5.823599737071754,26.42238028774334,1423.7961531697724
32,service,hyper_erlang,Hyper Erlang,1,15,0.803846311520938,0.803846311520938,1.1034395848261098,2.0617087151174336,7.485725665004845
33,arrival,hyper_erlang,Hyper Erlang,1,33,1.0,1.0,1.0077504873328196,1.7658005457651573,6.541841849278061
33,service,coxian,Coxian,1,35,0.9147870485195584,0.9147870485195583,5.53763332425793,17.91371781204815,796.4839557071758
34,arrival,coxian,Coxian,1,37,1.0,1.0,7.783858634226307,4.286713240624846,28.115839569366983
34,service,hyper_general,Hyper General,1,85,0.5460254409831398,0.5460254409831397,2.1686199302096254,6.118445026716218,104.38314709970697
35,arrival,hyper_general,Hyper General,2,43,1.0,1.0,1.1730950841139256,4.4617663048086476,192.65413977797164
35,service,hyper_erlang,Hyper Erlang,1,41,0.5846828972070948,0.5846828972070945,6.628201183874028,3.432472958547382,15.77098340681635
36,arrival,hyper_erlang,Hyper Erlang,1,79,1.0,1.0,8.199394146327814,5.4073209608068025,34.68653115099813
36,service,coxian,Coxian,2,99,0.8081268841977078,0.8081268841977081,0.7914956513020635,13.178131159401856,3740.0266105320275
37,arrival,coxian,Coxian,1,23,1.0,1.0,9.785651763176944,18.842566927938982,1219.0403694909048
37,service,hyper_general,Hyper General,1,31,0.6591848417949463,0.6591848417949465,19.208912051115522,23.471327746954668,810.6465452881421
38,arrival,hyper_general,Hyper General,2,83,1.0,0.9999999999999997,10.607310121819154,8.33793566569983,112.9409062019701
38,service,hyper_erlang,Hyper Erlang,1,4,0.7425663511897398,0.74256635118974,1.0357669498960214,2.001225464723226,9.004972905860503
39,arrival,hyper_erlang,Hyper Erlang,1,94,1.0,1.0000000000000004,0.4047097971295194,0.7492932669825014,4.4635515956294
39,service,coxian,Coxian,1,98,0.5451590314168133,0.5451590314168135,0.6296560553976964,1.307126330610116,5.812559202271093
40,arrival,coxian,Coxian,1,26,1.0,1.0000000000000002,9.769610048516872,4.732096767734243,32.95074160184185
40,service,hyper_general,Hyper General,3,31,0.6125374566813944,0.6125374566813943,5.705830858602262,5.9035376420893435,53.74301915475919
41,arrival,hyper_general,Hyper General,1,10,1.0,1.0,1.0034476606318266,2.0245498165057536,9.4090558788343
41,service,hyper_erlang,Hyper Erlang,1,11,0.7188415368223344,0.7188415368223342,1.4952671146736227,0.7186252455691859,2.167662980052903
42,arrival,hyper_erlang,Hyper Erlang,1,47,1.0,1.0000000000000002,3.4861918521674538,3.742929187184707,21.498619133659513
42,service,coxian,Coxian,1,6,0.6428727077140374,0.6428727077140373,0.9892440885924335,1.9909525439687774,8.953207467779864
43,arrival,coxian,Coxian,1,23,1.0,1.0,1.0171690425611217,2.068532329108861,9.644003654461956
43,service,hyper_general,Hyper General,1,78,0.6257328004081837,0.6257328004081837,2.5117491466289974,4.323034936892199,56.940549487792055
44,arrival,hyper_general,Hyper General,1,61,1.0,1.0,4.654178693465852,7.263213592307783,89.85183757636557
44,service,hyper_erlang,Hyper Erlang,2,49,0.6886973247866308,0.6886973247866307,10.347817325122616,3.0866426232423683,11.174565817462067
45,arrival,hyper_erlang,Hyper Erlang,1,72,1.0,1.0,2.2934230058171896,1.975132605831161,7.231054414606527
45,service,coxian,Coxian,2,82,0.8720223653209636,0.8720223653209637,0.6322182836624477,1.327160047997428,5.711883854222341
46,arrival,coxian,Coxian,1,61,1.0,1.0,0.9873692730730299,1.998703195700146,9.038441382507546
46,service,hyper_general,Hyper General,1,83,0.6363313038130994,0.6363313038130979,15.448526790950703,28.43586708271958,3009.8229780730258
47,arrival,hyper_general,Hyper General,1,8,1.0,1.0,1.0000007354155298,2.0000365984113384,9.00261015177592
47,service,hyper_erlang,Hyper Erlang,1,63,0.7923883797712235,0.7923883797712236,4.844178364508913,2.718841300441899,10.853944928978505
48,arrival,hyper_erlang,Hyper Erlang,1,61,1.0,0.9999999999999998,2.1071808299512114,1.1022178547250738,2.786054206234089
48,service,coxian,Coxian,1,55,0.7458493874430967,0.7458493874430968,1.1817014091194986,19.16186025339817,12568.462612474104
49,arrival,coxian,Coxian,1,20,1.0,0.9999999999999998,7.608717284180692,21.150197095622566,2399.9172443835637
49,service,hyper_general,Hyper General,5,72,0.8730930199812901,0.87309301998129,11.04194247528008,10.979162887225712,219.68318383197803
50,arrival,hyper_general,Hyper General,1,78,1.0,0.9999999999999984,15.150090115047297,16.071944777878034,603.9538963105695
50,service,hyper_erlang,Hyper Erlang,1,30,0.5830421116806286,0.5830421116806286,6.249751854174976,2.8949554997026463,11.853953711879104
51,arrival,hyper_erlang,Hyper Erlang,1,97,1.0,0.9999999999999999,8.84490874786281,3.4821932071136215,15.402716404442264
51,service,coxian,Coxian,1,92,0.8818704897317164,0.8818704897317164,1.0039339492834514,2.056134124054305,9.607529478925498
52,arrival,coxian,Coxian,1,16,1.0,1.0,6.992186962240092,3.997286589727694,24.44616869254078
52,service,hyper_general,Hyper General,1,42,0.8801498792458755,0.8801498792458755,7.838194413801454,24.53471969271364,1343.9612074528263
53,arrival,hyper_general,Hyper General,1,87,1.0,1.0,1.8408603240355306,9.424867255047353,480.55640297201614
53,service,hyper_erlang,Hyper Erlang,1,2,0.8563674142474178,0.8563674142474178,1.0002705255212767,2.0002262581596852,9.001157413535964
54,arrival,hyper_erlang,Hyper Erlang,1,56,1.0,1.0,4.627636072828078,2.5599311668913733,8.072823041329576
54,service,coxian,Coxian,1,30,0.6044172012414217,0.6044172012414217,0.7906316829634232,1.9627928692434837,8.840946288581558
55,arrival,coxian,Coxian,1,68,1.0,0.9999999999999999,0.9186405328423046,1.9452506355180128,8.743237778338855
55,service,hyper_general,Hyper General,1,90,0.9150187326662875,0.9150187326662833,13.98060053239831,9.902229192241107,164.89027354840508
56,arrival,hyper_general,Hyper General,3,74,1.0,0.9999999999999999,5.68824795019587,32.961155328852804,2290.2587729537654
56,service,hyper_erlang,Hyper Erlang,1,47,0.6104059124129103,0.6104059124129105,0.7346630658146479,1.1566242557502757,3.932866811967115
57,arrival,hyper_erlang,Hyper Erlang,1,93,1.0,1.000000000000001,2.038199799572959,1.272613556204191,3.447316747693019
57,service,coxian,Coxian,1,43,0.6588674330411275,0.6588674330411275,0.527838523527843,1.4401056066568436,6.143300128916174
58,arrival,coxian,Coxian,3,48,1.0,1.0,3.7016201885767703,7.83784868029174,217.3532687593884
58,service,hyper_general,Hyper General,2,48,0.8764777704078064,0.8764777704078065,3.6542583261542574,67.7022319142217,40296.16362493909
59,arrival,hyper_general,Hyper General,3,72,1.0,1.0,4.046328695131271,8.195204539527388,281.9997789752108
59,service,hyper_erlang,Hyper Erlang,1,42,0.7984494324310487,0.7984494324310486,7.372037150112443,3.990902764772195,21.72967379162239
60,arrival,hyper_erlang,Hyper Erlang,1,70,1.0,1.0,1.5616157873307026,1.3991807966251604,3.8388718751324475
60,service,coxian,Coxian,1,83,0.6464235186195723,0.6464235186195723,1.00097535658795,2.0073791284500513,9.10418904891231
61,arrival,coxian,Coxian,1,15,1.0,1.0,1.0153967751630266,2.8497720239396043,92.2623231501168
61,service,hyper_general,Hyper General,1,46,0.6297261801127885,0.6297261801127886,12.754243245211985,6.471394698788455,86.79549468059328
62,arrival,hyper_general,Hyper General,3,26,1.0,1.0000000000000002,4.583277821098024,31.711993672008166,4280.196565672341
62,service,hyper_erlang,Hyper Erlang,1,70,0.6943557192565818,0.6943557192565818,0.6336027345030051,-0.3596947230982423,1.3320114893506216
63,arrival,hyper_erlang,Hyper Erlang,2,65,1.0,0.9999999999999996,2.163094487794401,0.8983696660541051,1.9611623809620553
63,service,coxian,Coxian,1,85,0.704979733551151,0.704979733551151,12.71396192262747,23.382254430372228,1379.2237394675649
64,arrival,coxian,Coxian,1,54,1.0,0.9999999999999999,2.528707459510423,9.160078566132919,153.5006775046886
64,service,hyper_general,Hyper General,2,85,0.720393015942298,0.7203930159422662,7.160191647971892,13.385461072902725,461.9566653636795
65,arrival,hyper_general,Hyper General,1,8,1.0,1.0,14.76832853656982,470.56173262428257,347586.1422085579
65,service,hyper_erlang,Hyper Erlang,1,9,0.5842780145018202,0.5842780145018202,0.351996374137668,0.6671166202798472,3.9581870993262576
66,arrival,hyper_erlang,Hyper Erlang,1,81,1.0,1.0,4.506960883616636,2.9767421071556375,13.533531210744746
66,service,coxian,Coxian,2,13,0.7272594614038249,0.7272594614038249,1.858490615425299,132.45001321370796,41725.42390064236
67,arrival,coxian,Coxian,2,52,1.0,1.0,0.9649742396737937,1.9461114047997579,8.611622224573996
67,service,hyper_general,Hyper General,2,82,0.9209715641575179,0.9209715641575175,1.4093293013082318,5.348031036440016,291.88236911867443
68,arrival,hyper_general,Hyper General,2,46,1.0,0.9999999999999988,11.893790340830158,8.15210440880534,102.15492409371984
68,service,hyper_erlang,Hyper Erlang,1,5,0.5631221605972688,0.5631221605972687,4.421061107792553,2.682151607457759,11.613414800979774
69,arrival,hyper_erlang,Hyper Erlang,1,81,1.0,1.0000000000000002,0.06544659321574595,-1.1416701722949412,7.229264843319687
69,service,coxian,Coxian,1,19,0.6086568365478181,0.6086568365478182,0.9958017663120714,2.003401013250802,9.041384663957688
70,arrival,coxian,Coxian,1,50,1.0,1.0,0.9999807067118069,1.999998594139772,8.9999951806273
70,service,hyper_general,Hyper General,1,65,0.5833880115415175,0.5833880115415189,8.601445408210795,10.232315791876701,178.02346849230787
71,arrival,hyper_general,Hyper General,3,77,1.0,1.0000000000000024,16.619211435416165,50.48996679415586,4100.498437632294
71,service,hyper_erlang,Hyper Erlang,1,92,0.7803909067675189,0.780390906767519,11.885860528181432,3.544191839743176,14.632670751145989
72,arrival,hyper_erlang,Hyper Erlang,1,68,1.0,1.0,2.4555020832317185,1.3652595772527254,3.8753511271193455
72,service,coxian,Coxian,1,35,0.563814135532243,0.563814135532243,11.91353877537316,13.879714242793819,2218.4225902015296
73,arrival,coxian,Coxian,1,75,1.0,1.0,1.0304392416312678,2.3052527596385954,14.264005474125854
73,service,hyper_general,Hyper General,1,14,0.8967481492500733,0.8967481492500733,1.0035237052465675,2.2816992027655054,41.3192840227355
74,arrival,hyper_general,Hyper General,3,66,1.0,1.0000000000000002,11.109309032020706,17.577302336391995,468.12473631173935
74,service,hyper_erlang,Hyper Erlang,1,49,0.8273183710762543,0.8273183710762544,0.311005008974409,1.147949155651083,8.144408889400104
75,arrival,hyper_erlang,Hyper Erlang,1,74,1.0,1.0,5.737794024624393,3.7137239716652197,21.56614019501868
75,service,coxian,Coxian,1,66,0.5922562548331409,0.592256254833141,7.429777905507455,22.392656453583083,7946.647664398639
76,arrival,coxian,Coxian,1,24,1.0,1.0,1.7154349799097788,5.175752420148607,112.44817776960484
76,service,hyper_general,Hyper General,1,68,0.8239323848906264,0.8239323848906267,4.749249999669773,11.160962913019784,216.46813708618652
77,arrival,hyper_general,Hyper General,1,23,1.0,1.0,3.9469492443368654,255.9748217340672,122609.68258710873
77,service,hyper_erlang,Hyper Erlang,1,42,0.9131644641731347,0.913164464173134,0.9402759542197655,75.30068192074866,14249.504710948642
78,arrival,hyper_erlang,Hyper Erlang,1,71,1.0,1.0000000000000007,4.366119976351565,2.5857707306920403,10.003850602746326
78,service,coxian,Coxian,1,78,0.746079797584436,0.7460797975844359,1.000356434814449,2.0064867094155727,9.17161451125498
79,arrival,coxian,Coxian,2,80,1.0,1.0,4.846296530045236,3.6800484679605217,21.50278949418908
79,service,hyper_general,Hyper General,1,98,0.7487192982665513,0.7487192982665491,5.664246628396584,20.336194802073674,1390.6361817521988
80,arrival,hyper_general,Hyper General,1,94,1.0,1.000000000000004,18.55682587328281,11.198586372031079,221.48810347226237
80,service,hyper_erlang,Hyper Erlang,1,16,0.6162890212134363,0.6162890212134362,11.074312848103833,9.063965438730602,98.70362526644664
81,arrival,hyper_erlang,Hyper Erlang,1,77,1.0,1.0,6.0250004290648205,7.403912827087974,81.82367872047719
81,service,coxian,Coxian,1,2,0.8286787774241583,0.8286787774241582,0.9999743520002071,1.9999998891258375,8.999999555864298
82,arrival,coxian,Coxian,1,29,1.0,1.0000000000000002,1.213075382336041,2.43598616247236,12.18312291975781
82,service,hyper_general,Hyper General,1,10,0.9131184584865344,0.9131184584865346,2.4379025018790004,2.535332792807443,12.105403468293243
83,arrival,hyper_general,Hyper General,2,31,1.0,1.0,3.8160007055262115,6.619873576203896,438.332135737535
83,service,hyper_erlang,Hyper Erlang,1,57,0.5450126593599766,0.5450126593599767,1.1813299289702548,0.4137841910653705,1.5856160441885176
84,arrival,hyper_erlang,Hyper Erlang,1,56,1.0,1.0,6.938155930048513,33.365060964631745,1251.1078090966798
84,service,coxian,Coxian,1,72,0.8602338367668985,0.8602338367668985,0.5682484820854032,1.5224004065722652,6.589966521671685
85,arrival,coxian,Coxian,1,27,1.0,0.9999999999999999,5.106952005708562,4.1916432597549145,27.034153475647184
85,service,hyper_general,Hyper General,1,80,0.7652057274789714,0.7652057274789712,14.260395085198384,5.9868119562403415,51.32339716990071
86,arrival,hyper_general,Hyper General,1,78,1.0,0.9999999999999996,14.36833031901506,10.568805982080876,178.42136833643167
86,service,hyper_erlang,Hyper Erlang,2,78,0.6351633985008468,0.6351633985008464,7.629163121805072,4.261356446182971,24.79497875174333
87,arrival,hyper_erlang,Hyper Erlang,1,49,1.0,1.0000000000000002,1.9136787103026305,2.7003983771663864,15.503037161563478
87,service,coxian,Coxian,1,23,0.6853605522597553,0.6853605522597555,1.151062740100055,3.5874017319494045,48.5847578611144
88,arrival,coxian,Coxian,1,50,1.0,1.0,1.050509974409442,5.902074684777785,442.4149460131869
88,service,hyper_general,Hyper General,1,69,0.6986435250278826,0.6986435250278826,10.005512331657265,20.690710843040875,656.7835968868129
89,arrival,hyper_general,Hyper General,1,31,1.0,0.9999999999999997,3.6354588955147364,5.742340737836657,209.2883217970648
89,service,hyper_erlang,Hyper Erlang,1,56,0.8891755726787445,0.8891755726787449,0.2191416470279175,-0.18071205738385895,3.3965419661309526
90,arrival,hyper_erlang,Hyper Erlang,1,20,1.0,0.9999999999999998,8.167226186413265,4.4315075178006404,29.559056375396874
90,service,coxian,Coxian,1,29,0.7146614930647557,0.7146614930647557,1.855228864641913,2.0198325464738556,8.665242521508453
91,arrival,coxian,Coxian,2,18,1.0,1.0,18.352831858977094,148.901229058391,46919.024761269204
91,service,hyper_general,Hyper General,1,55,0.6973817946063291,0.6973817946063283,5.676830954972183,22.59179202769752,1434.8114962335358
92,arrival,hyper_general,Hyper General,1,19,1.0,1.0,5.304474306061573,12.429601155359768,248.79008724625098
92,service,hyper_erlang,Hyper Erlang,1,10,0.8216337659139517,0.8216337659139519,5.165133774884759,3.9661897867653386,26.201198073021477
93,arrival,hyper_erlang,Hyper Erlang,2,89,1.0,1.0,0.5999152770884397,14.708009577687404,270.2792875183478
93,service,coxian,Coxian,1,63,0.5188137005209074,0.5188137005209073,1.9236199869971027,2.69908215779659,16.024090470485607
94,arrival,coxian,Coxian,1,43,1.0,1.0,1.4268891420413157,5.694990054820511,83.85318355500164
94,service,hyper_general,Hyper General,1,8,0.9135606190820248,0.9135606190820249,1.0440111340989486,2.042905769585885,12.984656467999612
95,arrival,hyper_general,Hyper General,3,36,1.0,0.9999999999999999,15.79936427940078,8.328958846522939,104.27946676930497
95,service,hyper_erlang,Hyper Erlang,2,34,0.5353520098027668,0.5353520098027669,11.875831964073331,4.837881129458092,29.404788244355935
96,arrival,hyper_erlang,Hyper Erlang,1,9,1.0,1.0,1.9199386557258995,2.804286271570422,15.13097592262306
96,service,coxian,Coxian,2,29,0.6839342258724171,0.6839342258724175,1.4004750117230522,2.0862954247129246,9.504631755234803
97,arrival,coxian,Coxian,1,56,1.0,1.0,6.7147800687552035,6.4233039258754365,59.447995358621405
97,service,hyper_general,Hyper General,2,63,0.8986484066203718,0.8986484066203717,3.5944858754721216,55.9592350745781,11790.058088643022
98,arrival,hyper_general,Hyper General,2,34,1.0,1.0,17.885449585243826,17.6044017547459,536.5732499216723
98,service,hyper_erlang,Hyper Erlang,1,3,0.7722572753722445,0.7722572753722445,3.8677330070116818,17.862285706022853,534.8556662581301
99,arrival,hyper_erlang,Hyper Erlang,1,69,1.0,1.0,12.959389655398207,3.821918052679796,16.595712342757245
99,service,coxian,Coxian,1,67,0.8421241705135158,0.8421241705135158,1.2740362874361757,2.4808788732704214,13.12422793301679
100,arrival,coxian,Coxian,1,45,1.0,0.9999999999999998,9.985310274995733,5.63038686162615,421.0047676781449
100,service,hyper_general,Hyper General,2,61,0.6682087837050737,0.6682087837050735,8.746899835333501,4.702955469630711,33.066939693931616
101,arrival,hyper_general,Hyper General,1,20,1.0,1.0,2.3831965428572426,7.398839072293147,122.25453158426342
101,service,hyper_erlang,Hyper Erlang,1,58,0.6048396670990838,0.6048396670990838,2.1177095955488268,2.118705833488935,8.311533242759607
102,arrival,hyper_erlang,Hyper Erlang,1,73,1.0,1.0000000000000002,9.875565410777101,3.6249682400240006,16.52987594460564
102,service,coxian,Coxian,1,63,0.8428938453439057,0.8428938453439057,1.3654746760527485,3.067597844965988,19.178142703174746
103,arrival,coxian,Coxian,1,56,1.0,1.0,1.694740620010426,2.231064688923359,10.19218475210873
103,service,hyper_general,Hyper General,1,45,0.6457652891947174,0.6457652891947178,3.22079356082326,37.36991154622689,6724.855647108843
104,arrival,hyper_general,Hyper General,1,54,1.0,1.0,11.155347907245847,7.693488345522809,92.18601191940927
104,service,hyper_erlang,Hyper Erlang,1,56,0.5304811835776837,0.530481183577684,0.27410148903270937,-1.040057985073133,2.847559373856951
105,arrival,hyper_erlang,Hyper Erlang,1,51,1.0,1.0,10.773988578984207,4.844341357105826,32.104280027102305
105,service,coxian,Coxian,3,22,0.7838989668725058,0.783898966872506,14.228935462238429,16.160005088742214,361.22038524688486
106,arrival,coxian,Coxian,2,16,1.0,1.0,0.9987418529522141,1.9973522229655116,8.981984527578874
106,service,hyper_general,Hyper General,1,10,0.6141664684082155,0.6141664684082155,1.0000063541475692,2.000004672450275,9.000023272329967
107,arrival,hyper_general,Hyper General,1,60,1.0,0.9999999999999998,9.692267812413801,25.00265104516226,2454.4828620426333
107,service,hyper_erlang,Hyper Erlang,1,19,0.8722733874899932,0.872273387489993,6.379032715093193,6.287407023693242,88.49832030177282
108,arrival,hyper_erlang,Hyper Erlang,1,97,1.0,1.0,1.1805254716238598,1.0467036205599802,2.955711472203303
108,service,coxian,Coxian,1,8,0.9392744310027821,0.939274431002782,0.9951094531439365,1.9999878175370405,9.000136328132356
109,arrival,coxian,Coxian,1,4,1.0,1.0,0.6227326482250617,1.7550974842999474,7.839335563237402
109,service,hyper_general,Hyper General,2,28,0.7298420248463884,0.7298420248463888,5.017167816189634,28.511613340797737,22961.455585595748
110,arrival,hyper_general,Hyper General,1,59,1.0,1.0,7.777395677484618,11.506742688066348,191.67394912145002
110,service,hyper_erlang,Hyper Erlang,1,97,0.6584699745446664,0.6584699745446664,0.037582401696311774,-1.6257574424028605,10.898234755922234
111,arrival,hyper_erlang,Hyper Erlang,1,33,1.0,1.0,0.3598894564888664,1.1325048021097852,4.897879704806076
111,service,coxian,Coxian,1,17,0.7347315683901485,0.7347315683901485,6.653611248385428,3.919746457595129,23.633401528089706
112,arrival,coxian,Coxian,1,11,1.0,1.0,1.1376984614943488,4.355086678139207,78.57789581003594
112,service,hyper_general,Hyper General,3,100,0.6402244872844032,0.6402244872844031,1.2202921185464173,2.409163515177272,13.384796393198016
113,arrival,hyper_general,Hyper General,1,44,1.0,1.0000000000000002,16.72044131020457,13.591175896402131,281.2225946534189
113,service,hyper_erlang,Hyper Erlang,2,84,0.8651989787165133,0.8651989787165134,13.783364672134025,7.982997947959588,70.0942074941753
114,arrival,hyper_erlang,Hyper Erlang,1,27,1.0,1.0,2.5444935252939063,2.044127963464851,7.979749571296676
114,service,coxian,Coxian,1,6,0.9279515619426066,0.9279515619426065,8.626864241198824,5.796656217038861,48.13762088614933
115,arrival,coxian,Coxian,1,39,1.0,1.0,0.9999816358165763,1.999999711394064,8.999998794153846
115,service,hyper_general,Hyper General,1,2,0.5677704510785209,0.5677704510785209,1.0,2.0,9.000000000000005
116,arrival,hyper_general,Hyper General,1,67,1.0,0.9999999999999999,9.294776190210053,5.429253822510578,56.38288853447606
116,service,hyper_erlang,Hyper Erlang,1,93,0.7454408043687527,0.7454408043687533,10.772506090825033,4.605801173816165,25.666438861819326
117,arrival,hyper_erlang,Hyper Erlang,1,82,1.0,1.0,1.7963060713782966,2.7941442618929107,16.374423508112155
117,service,coxian,Coxian,1,94,0.5343411457111504,0.5343411457111504,17.186844434671936,5.677159673850716,43.5278329736504
118,arrival,coxian,Coxian,2,98,1.0,1.0,6.277848589266983,3.7774860385959923,22.146341510320436
118,service,hyper_general,Hyper General,1,79,0.6151470947550429,0.6151470947550427,12.241778819922796,7.860818309089845,90.611752995189
119,arrival,hyper_general,Hyper General,2,71,1.0,1.0000000000000007,17.022109859386685,9.490117679975624,207.73468243135414
119,service,hyper_erlang,Hyper Erlang,1,10,0.6965008314236343,0.6965008314236343,10.72991530797163,5.185478928575953,38.94850538044338
120,arrival,hyper_erlang,Hyper Erlang,1,58,1.0,1.0000000000000007,7.816988384849891,5.30211238657249,37.025092279073036
120,service,coxian,Coxian,1,90,0.9054291103671628,0.9054291103671628,0.9613396519483909,1.9726723378082345,8.851984288398443
121,arrival,coxian,Coxian,1,74,1.0,1.0,4.6599469719498705,7.980478844375922,167.0702913477498
121,service,hyper_general,Hyper General,1,4,0.8068631524478299,0.8068631524478298,1.9229314076063415,2.578938339866876,12.453486742033796
122,arrival,hyper_general,Hyper General,1,89,1.0,0.9999999999999996,2.278074547305383,9.366743918730087,300.6571342048157
122,service,hyper_erlang,Hyper Erlang,1,75,0.706806611703122,0.7068066117031222,13.09151526559357,4.702313396279502,29.64691507044068
123,arrival,hyper_erlang,Hyper Erlang,1,69,1.0,1.0,0.04633262562871732,-1.1931857530307528,8.566632988107795
123,service,coxian,Coxian,1,3,0.7181398399097749,0.7181398399097747,1.3737482385824975,2.069157256448321,9.304400167542017
124,arrival,coxian,Coxian,1,80,1.0,1.0000000000000002,0.6065107270594918,1.550721751719269,6.869581442959263
124,service,hyper_general,Hyper General,2,59,0.7521207422974296,0.7521207422974214,8.577138418933473,7.020732418895194,80.46371873592501
125,arrival,hyper_general,Hyper General,1,95,1.0,1.0000000000000007,7.101257935806694,4.777091136620772,36.99507167825901
125,service,hyper_erlang,Hyper Erlang,2,42,0.7108676837042327,0.7108676837042325,2.841349446014375,4.781491887421248,40.896522519751116
126,arrival,hyper_erlang,Hyper Erlang,1,42,1.0,1.0000000000000002,3.24784257413884,4.660709891484771,44.81776491684322
126,service,coxian,Coxian,1,4,0.5031778712029591,0.5031778712029592,0.9999997397010472,1.999999999864268,8.999999999456978
127,arrival,coxian,Coxian,1,10,1.0,1.0,0.6782226277534951,1.5608972146932556,9.440869917936077
127,service,hyper_general,Hyper General,1,89,0.7460994937270691,0.7460994937270699,8.45064318794107,6.928195481843325,97.08941040102836
128,arrival,hyper_general,Hyper General,2,61,1.0,1.0000000000000122,18.649616228826083,19.847815870016586,664.997621860518
128,service,hyper_erlang,Hyper Erlang,1,45,0.552521828267079,0.5525218282670795,7.708535346334336,2.6165376961532996,8.49463880858857
129,arrival,hyper_erlang,Hyper Erlang,1,46,1.0,1.0,8.706902218304586,3.591043888256298,16.441919882421292
129,service,coxian,Coxian,1,6,0.9491043080101415,0.9491043080101416,2.318618410453626,2.7654125393247555,13.11054312084056
130,arrival,coxian,Coxian,1,92,1.0,1.0,0.9884028461442695,1.9945560905323167,8.96247422303926
130,service,hyper_general,Hyper General,1,54,0.9214187086278736,0.9214187086278727,5.764518025873703,15.068927335201453,710.3144358661395
131,arrival,hyper_general,Hyper General,1,38,1.0,1.0,1.3185154664459708,4.290393496269338,63.2492270845238
131,service,hyper_erlang,Hyper Erlang,1,8,0.6682569143183414,0.6682569143183414,1.7476701106344148,2.3479852060498305,10.84555727729081
132,arrival,hyper_erlang,Hyper Erlang,1,10,1.0,1.0000000000000002,6.841522863719237,4.421986715018059,40.98629002607906
132,service,coxian,Coxian,1,11,0.6433378510522477,0.6433378510522478,10.656879618872464,4.959326807899323,35.88523194552506
133,arrival,coxian,Coxian,1,99,1.0,0.9999999999999998,4.466886162456364,3.205679746974444,16.912136315374457
133,service,hyper_general,Hyper General,1,63,0.6869629867279996,0.6869629867279995,14.494111462620245,65.83183539695808,7672.327966657828
134,arrival,hyper_general,Hyper General,1,17,1.0,1.0,7.703246156940034,6.042185552996747,55.27864232821107
134,service,hyper_erlang,Hyper Erlang,2,76,0.7866182136065905,0.7866182136065906,9.422403388857235,4.384891905502104,26.685036618580796
135,arrival,hyper_erlang,Hyper Erlang,1,54,1.0,1.0,5.054284138203488,3.4775442598192488,17.40938241432963
135,service,coxian,Coxian,3,60,0.7756569968855985,0.7756569968855984,2.703042341093136,5.968901241161828,58.68018097845846
136,arrival,coxian,Coxian,1,68,1.0,1.0,8.763083969850266,6.245861050544757,55.36375550758114
136,service,hyper_general,Hyper General,1,37,0.7207768992633067,0.7207768992633066,3.6765249924912387,12.908820287794857,324.4243324265539
137,arrival,hyper_general,Hyper General,1,38,1.0,1.0,14.91024378374347,115.83430111368851,27351.112296812356
137,service,hyper_erlang,Hyper Erlang,2,75,0.8410324350431659,0.8410324350431657,2.308160471218623,2.395392194409207,11.025574498097058
138,arrival,hyper_erlang,Hyper Erlang,1,58,1.0,1.0,0.9277280353732984,0.2280297219259892,1.6430931305542607
138,service,coxian,Coxian,2,23,0.7338392851207416,0.7338392851207417,0.9061150429290361,2.077092068072407,12.930460338762305
139,arrival,coxian,Coxian,1,83,1.0,1.0,1.0227270663950292,2.341033963231787,17.761516125816822
139,service,hyper_general,Hyper General,3,99,0.8108492786998103,0.8108492786998103,1.0185785387607242,2.6637008648715783,39.71282706696029
140,arrival,hyper_general,Hyper General,1,37,1.0,1.0000000000000002,1.5351046214028725,13.757173632588174,886.5718600696862
140,service,hyper_erlang,Hyper Erlang,1,26,0.8990244523686841,0.8990244523686841,14.168777021154028,6.471332732225976,71.00617827990683
141,arrival,hyper_erlang,Hyper Erlang,1,88,1.0,1.0,0.30853671297897023,0.8512935483766161,2.7306312011536074
141,service,coxian,Coxian,1,6,0.7887430516459685,0.7887430516459686,0.7250340018900854,1.8139471844309187,7.964155079444818
142,arrival,coxian,Coxian,2,46,1.0,1.0,4.291694288303829,4.3385705920913695,29.992691382738872
142,service,hyper_general,Hyper General,1,40,0.8871469697745464,0.8871469697745469,7.823924094849528,7.1079211395634525,92.30307950329366
143,arrival,hyper_general,Hyper General,2,80,1.0,0.9999999999999998,6.616830870531046,42.60845334465815,3320.3598603369273
143,service,hyper_erlang,Hyper Erlang,2,28,0.6868371424252981,0.686837142425298,13.242751854200927,3.873721250050013,17.88506016432342
144,arrival,hyper_erlang,Hyper Erlang,1,37,1.0,1.0000000000000002,2.5544782012917153,2.6968599965811393,14.37528440582865
144,service,coxian,Coxian,1,50,0.8994144109506919,0.8994144109506919,0.9537458620023351,1.9237119946503742,8.54168170952779
145,arrival,coxian,Coxian,1,71,1.0,1.0,11.19467661340785,5.734277650596819,47.027128588582265
145,service,hyper_general,Hyper General,1,36,0.7003586158818129,0.7003586158818128,2.945141063197383,21.13856560850225,941.5142708795778
146,arrival,hyper_general,Hyper General,6,94,1.0,0.9999999999999923,6.886942185478002,23.522588561925772,2110.8619323654657
146,service,hyper_erlang,Hyper Erlang,1,23,0.8948891797434506,0.8948891797434508,12.787954508948731,8.40134682543514,107.76461567606661
147,arrival,hyper_erlang,Hyper Erlang,1,74,1.0,1.0,9.776990982276228,5.49583848789968,41.08422292410984
147,service,coxian,Coxian,1,80,0.6881328420557993,0.6881328420557994,0.8718852126156985,1.8296994331514365,8.059974954003977
148,arrival,coxian,Coxian,1,41,1.0,1.0,0.8551866044105096,1.7960742017611058,7.835528559980802
148,service,hyper_general,Hyper General,1,93,0.6326805437714205,0.6326805437714167,3.882010650386357,30.327834433385277,1627.0070238017763
149,arrival,hyper_general,Hyper General,1,49,1.0,1.0,1.7876315639981861,128.9414169256215,78585.41493119166
149,service,hyper_erlang,Hyper Erlang,3,37,0.7003770866549608,0.7003770866549611,1.5339615181931325,0.9204318909406123,2.8888055367441217
150,arrival,hyper_erlang,Hyper Erlang,1,52,1.0,1.0,1.474717161083381,2.2929568346306417,13.151449780078773
150,service,coxian,Coxian,1,51,0.779071031239903,0.7790710312399028,0.6991144132690138,1.7334581146377075,7.650885901112285
151,arrival,coxian,Coxian,1,27,1.0,1.0,1.5870913769523614,2.445003945995265,11.532863608148512
151,service,hyper_general,Hyper General,1,70,0.6078059524705673,0.6078059524705675,10.745565303135088,8.746798967039226,127.99907064890824
152,arrival,hyper_general,Hyper General,1,5,1.0,1.0,5.301388908293501,3.868529582976754,24.130151597243227
152,service,hyper_erlang,Hyper Erlang,1,73,0.7147236101385195,0.7147236101385186,9.363783568685632,3.6406354636828526,16.35560358211949
153,arrival,hyper_erlang,Hyper Erlang,1,23,1.0,1.0000000000000002,1.7777558662304367,4.851568115731038,108.87759777781972
153,service,coxian,Coxian,1,49,0.9428261540677316,0.9428261540677317,0.8327815756530925,1.9593904938484992,8.825442293233493
154,arrival,coxian,Coxian,1,8,1.0,1.0,0.7084048299791574,1.8770498499943689,8.43086958898018
154,service,hyper_general,Hyper General,1,30,0.7481644339114463,0.7481644339114464,6.489764547278471,192.7168501683867,225588.56267327053
155,arrival,hyper_general,Hyper General,1,41,1.0,1.0,12.469037764126606,18.70114287594023,619.1800042840978
155,service,hyper_erlang,Hyper Erlang,1,93,0.5566544464172756,0.5566544464172756,2.695000437718045,1.3705448324436766,3.5829170389253204
156,arrival,hyper_erlang,Hyper Erlang,1,63,1.0,1.0,1.6012734522775847,2.6593890370809907,12.774508235581685
156,service,coxian,Coxian,1,53,0.6403284970406287,0.6403284970406287,0.9807474174332174,3.4924798989083823,42.50042688678482
157,arrival,coxian,Coxian,1,34,1.0,1.0000000000000002,7.25471923585831,5.847264701912158,50.49304984030286
157,service,hyper_general,Hyper General,2,44,0.8704760061531805,0.8704760061531346,4.2830466622759635,13.179605579932433,350.40315228087286
158,arrival,hyper_general,Hyper General,4,64,1.0,0.9999999999999998,4.402047405041767,5.011842980044155,59.07947187769224
158,service,hyper_erlang,Hyper Erlang,1,25,0.90925315216417,0.9092531521641695,6.64972162505726,3.5554130059259914,16.30589715016125
159,arrival,hyper_erlang,Hyper Erlang,1,49,1.0,1.0000000000000004,1.6372597739557893,1.2288928490668054,4.011666118529009
159,service,coxian,Coxian,1,97,0.5786837167837416,0.5786837167837418,0.9953015837271426,1.9972678103329276,8.986917383163211
160,arrival,coxian,Coxian,2,18,1.0,1.0000000000000002,5.4898896904158105,16.065281259795416,526.3727469318916
160,service,hyper_general,Hyper General,2,21,0.5446598482018384,0.5446598482018383,19.347557173465457,11.648837031065145,201.3979234829557
161,arrival,hyper_general,Hyper General,1,22,1.0,1.0000000000000002,0.9998834153823832,2.000000702972663,9.000013012552074
161,service,hyper_erlang,Hyper Erlang,2,34,0.6469600410351114,0.6469600410351115,12.093743440815345,4.294244933876459,24.40412681571959
162,arrival,hyper_erlang,Hyper Erlang,1,47,1.0,0.9999999999999999,6.995691592290518,4.221112171583428,27.1716245645333
162,service,coxian,Coxian,1,95,0.8640362688194965,0.8640362688194965,2.4388829548440536,30.276879081740077,1940.1631961754993
163,arrival,coxian,Coxian,1,12,1.0,1.0,1.1119464575352516,2.603075444869857,16.19754487054831
163,service,hyper_general,Hyper General,1,52,0.6986255579938465,0.6986255579938463,1.2497239029735174,31.80521415394916,17582.468657005145
164,arrival,hyper_general,Hyper General,1,24,1.0,1.0,10.586570480756604,12.212882741042613,239.0190504104625
164,service,hyper_erlang,Hyper Erlang,1,29,0.9351241698516146,0.9351241698516146,19.436411870325106,6.12914193247723,47.760227440115
165,arrival,hyper_erlang,Hyper Erlang,1,77,1.0,1.0,5.5126613285001715,3.1942743958958624,14.404155377334137
165,service,coxian,Coxian,1,29,0.8258859726187504,0.8258859726187502,1.5152235695248304,3.9953535985518895,49.43044229077634
166,arrival,coxian,Coxian,1,69,1.0,1.0000000000000002,0.9999909694975198,1.999996960168346,8.99998642587692
166,service,hyper_general,Hyper General,5,87,0.6351164326441139,0.6351164326441141,6.680342602847771,62.96054859261994,7246.163955531304
167,arrival,hyper_general,Hyper General,1,26,1.0,1.0,7.131093558543974,167.5689126195492,78374.42378462039
167,service,hyper_erlang,Hyper Erlang,1,55,0.8742736762718286,0.8742736762718285,0.16430065974497376,6.488778653319163,57.547889282649614
168,arrival,hyper_erlang,Hyper Erlang,1,80,1.0,1.0,1.373415357563939,2.6338131596920076,14.313327505507644
168,service,coxian,Coxian,1,10,0.6214836074949984,0.6214836074949984,3.643833009455361,32.31804766227168,2066.1206172967445
169,arrival,coxian,Coxian,1,2,1.0,1.0,0.9967593324725987,1.9995921596837174,8.99830041523339
169,service,hyper_general,Hyper General,1,74,0.603665673750338,0.6036656737503379,9.255882670379865,99.22833192158927,51357.48669599516
170,arrival,hyper_general,Hyper General,2,35,1.0,1.0,11.653742341283651,9.89915927303116,146.49003474607989
170,service,hyper_erlang,Hyper Erlang,1,26,0.9380870796233861,0.938087079623386,6.693747342153058,4.864816280986181,37.18284633604258
171,arrival,hyper_erlang,Hyper Erlang,1,19,1.0,1.0,2.251886165606551,3.1186203352723783,17.842967566931794
171,service,coxian,Coxian,1,85,0.9408749922015018,0.9408749922015016,0.9708277213873794,1.9314661452762558,8.517584222900222
172,arrival,coxian,Coxian,1,25,1.0,1.0000000000000002,0.9857760833752802,1.9540351181639302,8.721948817706215
172,service,hyper_general,Hyper General,1,24,0.5782648477206367,0.5782648477206367,8.621641716025705,7.079952116311116,195.07283467000363
173,arrival,hyper_general,Hyper General,1,32,1.0,0.9999999999999996,3.0280956230092198,8.694576857827656,147.06756840049388
173,service,hyper_erlang,Hyper Erlang,1,75,0.8800333426332562,0.8800333426332556,0.4176843965225756,-0.038412210374862754,2.396377166297144
174,arrival,hyper_erlang,Hyper Erlang,1,100,1.0,1.0,10.391335283160387,4.226727872690997,25.616932884315265
174,service,coxian,Coxian,1,64,0.7629095393171109,0.762909539317111,1.2989756390157188,2.33586461577569,11.02725960921263
175,arrival,coxian,Coxian,1,6,1.0,0.9999999999999998,4.131455249567898,6.367903420438416,356.8705612178058
175,service,hyper_general,Hyper General,1,100,0.8495484307960222,0.8495484307960215,9.88638807973389,9.327392050374213,163.31213114967133
176,arrival,hyper_general,Hyper General,1,73,1.0,0.9999999999999991,9.844306951103862,11.037810233951777,321.0960977131428
176,service,hyper_erlang,Hyper Erlang,1,48,0.9463999257205955,0.9463999257205953,11.880761511927535,3.7695341249907903,17.111380059935417
177,arrival,hyper_erlang,Hyper Erlang,2,26,1.0,0.9999999999999999,4.687732907814313,2.994363044849996,11.326022016929604
177,service,coxian,Coxian,1,97,0.5645123808074838,0.5645123808074836,8.539545317109665,4.425623101950578,29.229368868082755
178,arrival,coxian,Coxian,1,98,1.0,1.0,0.5021511114434802,1.424239572189498,6.0580617120482545
178,service,hyper_general,Hyper General,1,89,0.6443201481087008,0.6443201481087006,3.380940645750002,12.25698543938988,300.64828777466346
179,arrival,hyper_general,Hyper General,4,93,1.0,0.9999999999999974,19.413958674642945,42.423051548086285,3064.5256571099635
179,service,hyper_erlang,Hyper Erlang,1,32,0.887220129674333,0.8872201296743328,3.4564182776005756,1.788645833438714,4.866230279516105
180,arrival,hyper_erlang,Hyper Erlang,2,48,1.0,1.0,0.9941779762132628,0.4247165647086406,1.649657954693807
180,service,coxian,Coxian,1,99,0.5710889829487666,0.5710889829487666,1.906808442205444,6.488930699125316,133.32592520348825
181,arrival,coxian,Coxian,1,48,1.0,1.0,0.9906482613802905,1.9827561979157906,8.995934460114
181,service,hyper_general,Hyper General,1,69,0.5722645921678562,0.5722645921678561,1.2891647136499609,11.17361440523133,897.9989575579343
182,arrival,hyper_general,Hyper General,3,84,1.0,1.0,1.7825793621678492,9.272940140425446,489.7552416525383
182,service,hyper_erlang,Hyper Erlang,1,35,0.8949939012005265,0.8949939012005267,1.081902148647903,4.7232001744054255,42.82653142484551
183,arrival,hyper_erlang,Hyper Erlang,1,69,1.0,1.0000000000000002,8.615580393038245,2.8133230878420394,9.588459473129205
183,service,coxian,Coxian,1,24,0.5231966925948979,0.5231966925948981,3.1973143658561067,14.150753836971115,337.98656215050556
184,arrival,coxian,Coxian,1,76,1.0,1.0,0.6889643970853467,1.532003415727333,6.452062448555221
184,service,hyper_general,Hyper General,1,77,0.8976390698392298,0.8976390698392317,10.30837207903916,7.313844817257243,85.00717687868914
185,arrival,hyper_general,Hyper General,1,49,1.0,1.0000000000000002,14.102812118317562,23.09100968989934,823.8995770546779
185,service,hyper_erlang,Hyper Erlang,1,63,0.7902904090612604,0.7902904090612607,11.421569329843411,5.01197066122573,31.540063617815214
186,arrival,hyper_erlang,Hyper Erlang,1,35,1.0,1.0,0.9060948209334199,3.155802556159565,15.428530152346337
186,service,coxian,Coxian,1,10,0.7472047905040002,0.7472047905040001,13.260694209687642,15.498177485181591,339.9641466590726
187,arrival,coxian,Coxian,1,7,1.0,0.9999999999999998,3.0865879828300313,2.970834436768127,14.52980583016568
187,service,hyper_general,Hyper General,1,91,0.5057329852553579,0.5057329852553583,8.046475419583912,30.90613263557975,3173.6712126434827
188,arrival,hyper_general,Hyper General,1,8,1.0,1.0,1.0786128337620084,2.623657691488966,25.564349964882467
188,service,hyper_erlang,Hyper Erlang,2,13,0.8113449475501886,0.8113449475501886,2.207701532350524,3.7292045745041613,28.4255699004277
189,arrival,hyper_erlang,Hyper Erlang,1,38,1.0,1.0,5.958644912335193,9.948192046881806,151.3470055508311
189,service,coxian,Coxian,1,74,0.7045308456132754,0.7045308456132755,2.8100964477625734,2.539361927137324,11.96693047034805
190,arrival,coxian,Coxian,1,91,1.0,1.0000000000000002,8.351554989220485,4.236303657425849,26.84906478138775
190,service,hyper_general,Hyper General,1,3,0.6467473505735919,0.6467473505735919,1.0000000000000002,1.9999999999999984,8.999999999999996
191,arrival,hyper_general,Hyper General,1,24,1.0,1.0,1.061884523596254,2.1371676986043004,10.982853794417723
191,service,hyper_erlang,Hyper Erlang,1,36,0.5353544978159923,0.5353544978159921,4.099538296292852,1.977185864411745,5.910477278242205
192,arrival,hyper_erlang,Hyper Erlang,1,43,1.0,1.0000000000000007,7.358240517870464,26.69263953088816,1095.8274107566451
192,service,coxian,Coxian,1,89,0.6881945938890938,0.6881945938890939,1.9008772522606456,3.8661178767560003,37.10240973155817
193,arrival,coxian,Coxian,1,2,1.0,0.9999999999999999,0.9997998463956093,1.999999944813851,8.999999779233114
193,service,hyper_general,Hyper General,1,8,0.9266447705435436,0.9266447705435434,1.0985371273000066,2.1085269677861818,9.976606409992671
194,arrival,hyper_general,Hyper General,1,91,1.0,0.9999999999999998,10.076609880201579,8.721051143169522,175.78553629414895
194,service,hyper_erlang,Hyper Erlang,2,53,0.5499842208807064,0.5499842208807065,3.380549096370001,3.0568722920890257,18.89019237306683
195,arrival,hyper_erlang,Hyper Erlang,3,6,1.0,1.0,0.9278249695834646,1.7907751099607927,7.753976053743525
195,service,coxian,Coxian,1,95,0.834509169558233,0.8345091695582331,2.422101943958601,8.801247575893193,190.06489157175986
196,arrival,coxian,Coxian,1,17,1.0,1.0,0.9990545244693236,2.000365769820893,9.010593287488417
196,service,hyper_general,Hyper General,1,31,0.8274665235706953,0.8274665235706954,1.331107893185059,13.076064654567817,768.6977957530084
197,arrival,hyper_general,Hyper General,2,76,1.0,0.9999999999999999,1.6723275355581502,66.34513381166374,20230.60350347706
197,service,hyper_erlang,Hyper Erlang,1,53,0.6995381380493442,0.6995381380493443,2.392062637862531,2.98126226707339,16.167602782956102
198,arrival,hyper_erlang,Hyper Erlang,1,47,1.0,1.0,4.458849107188862,3.2268731298993862,16.357966903581097
198,service,coxian,Coxian,1,70,0.816788620218831,0.8167886202188311,1.0168627418021465,7.010899097820421,356.1650098249267
199,arrival,coxian,Coxian,2,32,1.0,1.0,1.0550630634344729,1.9991199226706755,8.995674038254199
199,service,hyper_general,Hyper General,1,56,0.8586084238828351,0.8586084238828341,1.9480788643517846,5.018199713304691,63.01714123813703
200,arrival,hyper_general,Hyper General,2,46,1.0,0.9999999999999999,10.455733693177963,7.7814006966318,95.45784856674793
200,service,hyper_erlang,Hyper Erlang,1,3,0.6985120843173018,0.6985120843173017,1.8819721426331222,2.251831687892699,10.242142249416883
201,arrival,hyper_erlang,Hyper Erlang,1,77,1.0,1.0,14.3243323535273,5.037353274514889,29.443142091065205
201,service,coxian,Coxian,1,10,0.5174267327120786,0.5174267327120786,0.5816440074103197,1.360758780021079,5.820880691863616
202,arrival,coxian,Coxian,1,38,1.0,1.0000000000000007,10.95098415361444,5.168142743382177,38.70153196459788
202,service,hyper_general,Hyper General,1,80,0.68731014300652,0.6873101430065197,2.0327729635780236,3.1163729240091,17.93673919891335
203,arrival,hyper_general,Hyper General,2,67,1.0,0.9999999999999902,4.204222954030493,21.669279533919617,1215.402183193739
203,service,hyper_erlang,Hyper Erlang,1,63,0.5385937448538388,0.5385937448538383,9.86319371476804,3.8172282692476847,18.736154619716093
204,arrival,hyper_erlang,Hyper Erlang,1,48,1.0,1.0,2.733832410390568,2.320522881514095,10.50957971426401
204,service,coxian,Coxian,1,28,0.9407133876322227,0.9407133876322226,1.3077587202038232,2.0645883965755827,9.284747757249693
205,arrival,coxian,Coxian,1,48,1.0,1.0,0.8928991034605533,1.8626478620995597,8.256388772700268
205,service,hyper_general,Hyper General,1,98,0.6345258271700873,0.6345258271700873,2.9276560247223475,8.617480498679363,158.36399968052856
206,arrival,hyper_general,Hyper General,1,25,1.0,1.0,4.539854182243303,6.4693243441084025,73.24524198215617
206,service,hyper_erlang,Hyper Erlang,2,63,0.5936031451876436,0.593603145187643,6.348759401766656,2.7506811876556596,10.247880305728785
207,arrival,hyper_erlang,Hyper Erlang,2,81,1.0,1.0,14.865342698104865,6.061669046106029,49.40398213271844
207,service,coxian,Coxian,1,85,0.6786874579420471,0.678687457942047,1.439152480018105,1.8574514755362732,7.660059219130916
208,arrival,coxian,Coxian,1,49,1.0,0.9999999999999997,17.083814144434417,6.240474339207811,54.91079274193953
208,service,hyper_general,Hyper General,1,93,0.8725669383372732,0.872566938337275,3.9060207317550746,15.187307554846022,440.5908884183131
209,arrival,hyper_general,Hyper General,1,41,1.0,1.0,13.427136179857904,9.969813687337915,246.84038796458182
209,service,hyper_erlang,Hyper Erlang,1,25,0.7440354553219091,0.7440354553219088,3.903118475783356,3.656936532626449,16.17859353891896
210,arrival,hyper_erlang,Hyper Erlang,1,11,1.0,1.0,7.520136487201421,4.262767442113495,27.434003097810525
210,service,coxian,Coxian,1,94,0.5101204333551008,0.5101204333551009,0.9554886553678387,1.9918802789779868,8.96592696137927
211,arrival,coxian,Coxian,1,63,1.0,1.0,12.918686716812475,28.434962180222154,1132.1392446562702
211,service,hyper_general,Hyper General,1,89,0.5386816737530873,0.5386816737530875,2.5705281576085603,3.910334391756181,29.23132943918322
212,arrival,hyper_general,Hyper General,1,51,1.0,1.0,2.7495805464241605,2.821408338147958,14.844373328767402
212,service,hyper_erlang,Hyper Erlang,1,72,0.8742601712156618,0.8742601712156624,8.354860381743563,3.3742723987477183,14.625233355064461
213,arrival,hyper_erlang,Hyper Erlang,1,31,1.0,1.0,4.516368035555456,2.8589331645720706,12.863862878048343
213,service,coxian,Coxian,2,67,0.5095219619476653,0.5095219619476653,0.8514748746217475,1.6200846004316358,6.675034723884332
214,arrival,coxian,Coxian,1,93,1.0,1.0,1.84265959615876,2.4832816964074205,15.981963776335222
214,service,hyper_general,Hyper General,3,39,0.563790971243392,0.5637909712433921,1.065314273181377,2.3687393145519944,19.27113621873323
215,arrival,hyper_general,Hyper General,2,80,1.0,1.0,6.470723077866387,8.694670868301538,205.34249040323095
215,service,hyper_erlang,Hyper Erlang,1,70,0.8502219411423694,0.8502219411423695,2.4067800257222083,3.2973127247735983,23.493638324921577
216,arrival,hyper_erlang,Hyper Erlang,2,9,1.0,1.0,13.531700214241276,6.458157392151199,60.082833022307646
216,service,coxian,Coxian,2,72,0.5895534806215093,0.589553480621509,2.9591560469663207,74.45258041831407,11474.49746874628
217,arrival,coxian,Coxian,1,60,1.0,1.0000000000000002,10.41378394984722,10.985618382724562,228.78889235175998
217,service,hyper_general,Hyper General,2,28,0.8241303752729099,0.82413037527291,1.0481102693373314,2.5036578129083313,18.857053955898824
218,arrival,hyper_general,Hyper General,2,57,1.0,1.0,5.970705218518467,43.79550535507489,4289.569825376847
218,service,hyper_erlang,Hyper Erlang,1,28,0.5591549813499448,0.5591549813499449,2.331024851573402,2.16611479551882,8.884860357476484
219,arrival,hyper_erlang,Hyper Erlang,1,89,1.0,1.0000000000000002,4.340008416210804,2.093993778744772,6.516689606807772
219,service,coxian,Coxian,1,19,0.6966435162067413,0.6966435162067413,1.9605105619159826,7.776082141400999,119.93933490260257
220,arrival,coxian,Coxian,1,89,1.0,1.0000000000000002,0.9753748189787659,1.9994393028524482,8.99773648257937
220,service,hyper_general,Hyper General,1,99,0.6433819934516778,0.6433819934516786,10.424141610618001,71.05068257687098,12662.122898045081
221,arrival,hyper_general,Hyper General,1,57,1.0,0.9999999999999999,17.764779018571684,17.96391692814452,452.7490269049133
221,service,hyper_erlang,Hyper Erlang,1,9,0.7572618194223316,0.7572618194223317,4.658796137325028,2.245296349286641,7.628642641638865
222,arrival,hyper_erlang,Hyper Erlang,1,22,1.0,1.0,7.4074022079985635,27.60259583629503,1895.792220864869
222,service,coxian,Coxian,1,80,0.8029909443599715,0.8029909443599716,1.035079378557881,1.7732928275907145,7.597433432915013
223,arrival,coxian,Coxian,1,24,1.0,1.0,0.6346428940221431,1.6072456237172958,7.023220623437004
223,service,hyper_general,Hyper General,1,22,0.5687465092664532,0.5687465092664533,5.401999810361503,5.7540291591786,57.89709985140197
224,arrival,hyper_general,Hyper General,3,58,1.0,1.0,4.787939197938208,10.311227999996204,1287.1990469854338
224,service,hyper_erlang,Hyper Erlang,1,2,0.8676601579562567,0.8676601579562566,1.392445834366083,5.9364718022721155,98.12716429365163
225,arrival,hyper_erlang,Hyper Erlang,1,3,1.0,1.0,0.5606363260848821,2.317367605537399,18.87437271054889
225,service,coxian,Coxian,1,100,0.6665429449122441,0.6665429449122442,0.9929321759159041,1.9981608801239155,8.992008211434385
226,arrival,coxian,Coxian,1,12,1.0,1.0,1.1242821370802325,2.9807449174231624,24.493703980905387
226,service,hyper_general,Hyper General,1,5,0.5476987840759499,0.5476987840759499,1.0324041615378883,2.0461634408022444,9.453377859678021
227,arrival,hyper_general,Hyper General,2,100,1.0,1.0000000000000042,8.749780432560101,8.279604274704422,135.3407931828787
227,service,hyper_erlang,Hyper Erlang,1,80,0.5908971231003235,0.5908971231003235,3.002952674592426,2.5009419629478318,12.83244705930476
228,arrival,hyper_erlang,Hyper Erlang,1,14,1.0,1.0,1.7861202229705766,3.2135513320690245,19.61394388911995
228,service,coxian,Coxian,1,67,0.6289126719122382,0.6289126719122382,0.9059656227783064,1.9163909320009787,13.772200652717773
229,arrival,coxian,Coxian,1,5,1.0,1.0,0.5598580695526127,1.4337149191964014,6.347720125194324
229,service,hyper_general,Hyper General,2,15,0.9462464554071293,0.9462464554071293,1.1020328723753943,3.2849878480120447,49.242195115274775
230,arrival,hyper_general,Hyper General,1,52,1.0,1.0,5.091446049162553,90.08186258592875,15979.123105200671
230,service,hyper_erlang,Hyper Erlang,1,14,0.8398386166379995,0.8398386166379993,9.566750268389605,6.563196284678668,59.94219572603168
231,arrival,hyper_erlang,Hyper Erlang,1,54,1.0,1.0,0.031289602832934804,0.34681564759838135,3.2173776450729075
231,service,coxian,Coxian,2,21,0.8570953107997299,0.85709531079973,0.9967802698264495,2.0002698608023612,9.003165146675713
232,arrival,coxian,Coxian,1,51,1.0,1.0,1.8330637933538125,2.2224918306486763,10.04943737754483
232,service,hyper_general,Hyper General,1,21,0.6877247838034691,0.6877247838034692,0.900470023709968,1.866676839047373,8.315825308603443
233,arrival,hyper_general,Hyper General,2,95,1.0,0.9999999999999999,7.866831620905781,42.94516388511454,5688.311571137032
233,service,hyper_erlang,Hyper Erlang,1,91,0.7062872179125974,0.706287217912597,1.0866103483134664,1.3530476386476553,9.173004001379136
234,arrival,hyper_erlang,Hyper Erlang,1,87,1.0,0.9999999999999998,1.529623368874543,6.082435727908613,52.49776873538597
234,service,coxian,Coxian,1,82,0.8300926862539048,0.8300926862539048,1.13411663124263,2.384397358766944,12.241520944069801
235,arrival,coxian,Coxian,1,13,1.0,0.9999999999999999,2.856429733709866,2.9615950977331686,15.019247349311788
235,service,hyper_general,Hyper General,1,61,0.802099490760857,0.8020994907608557,1.5187380455666903,5.165128142166909,121.30084934374601
236,arrival,hyper_general,Hyper General,1,33,1.0,1.0,1.3480577742952629,12.290372451794116,642.6295111821173
236,service,hyper_erlang,Hyper Erlang,2,91,0.6528008766985586,0.6528008766985587,4.709433052805209,2.775862718688898,11.670038836573166
237,arrival,hyper_erlang,Hyper Erlang,1,99,1.0,1.0,3.065409603432082,2.016362071703968,7.665748682794092
237,service,coxian,Coxian,1,13,0.8884246550818802,0.8884246550818802,8.105640490528844,4.90652685753018,45.090871071369065
238,arrival,coxian,Coxian,1,51,1.0,1.0,0.7603247152231263,1.6721862962475464,7.275784689911243
238,service,hyper_general,Hyper General,1,87,0.8705236578810669,0.8705236578810666,6.602628056516049,14.48319620800519,740.4136494791297
239,arrival,hyper_general,Hyper General,1,35,1.0,1.0,7.232723520053048,17.15708871618263,885.3303868007107
239,service,hyper_erlang,Hyper Erlang,1,28,0.7527221535302691,0.7527221535302691,5.200879442463501,33.34081024863965,1313.0430794592776
240,arrival,hyper_erlang,Hyper Erlang,1,20,1.0,1.0,4.468891529776081,2.173527018182236,7.269175763348006
240,service,coxian,Coxian,1,91,0.6452043014267612,0.6452043014267611,1.0214144634148432,2.1310150672576715,11.523076221167077
241,arrival,coxian,Coxian,1,98,1.0,1.0,0.9128172026049333,1.9085677677488353,8.51262629601746
241,service,hyper_general,Hyper General,1,83,0.5037931836260966,0.5037931836260969,12.73512847389793,10.541231614903284,285.62609536168037
242,arrival,hyper_general,Hyper General,4,76,1.0,0.9999999999999998,7.388872276913084,194.9712515130046,398079.8664205362
242,service,hyper_erlang,Hyper Erlang,2,96,0.5092874955246062,0.5092874955246062,7.755899724679109,5.970152835434234,48.15760523229247
243,arrival,hyper_erlang,Hyper Erlang,1,13,1.0,0.9999999999999998,2.6754535467938587,2.578180197487651,11.790960268971117
243,service,coxian,Coxian,1,99,0.5514748120072914,0.5514748120072915,1.600812910552124,5.327642148888202,50.10961382513475
244,arrival,coxian,Coxian,1,78,1.0,0.9999999999999998,2.9970481590214844,3.5274853238668245,21.458811650684773
244,service,hyper_general,Hyper General,1,79,0.5117227205411512,0.5117227205411512,15.413372463179718,16.380703410623525,803.103428859059
245,arrival,hyper_general,Hyper General,1,27,1.0,0.9999999999999999,1.0013395448558104,2.0074745700530765,10.518804699193035
245,service,hyper_erlang,Hyper Erlang,2,2,0.7474114413902776,0.7474114413902775,1.000027030220352,2.000000741518491,9.000002993197416
246,arrival,hyper_erlang,Hyper Erlang,2,4,1.0,1.0,1.7336393678340083,5.92746498672605,69.05061583316959
246,service,coxian,Coxian,1,57,0.5327405695918326,0.5327405695918325,1.5539800227868725,3.4349299855078055,21.202883326758858
247,arrival,coxian,Coxian,2,81,1.0,1.0,1.1234678351185745,3.014423268893222,25.540233212337704
247,service,hyper_general,Hyper General,1,95,0.5112087308156351,0.5112087308156337,6.102685188067616,7.248811620374677,165.94763585467976
248,arrival,hyper_general,Hyper General,1,83,1.0,1.0000000000000078,3.909537403106638,6.522000581546565,95.12252837502363
248,service,hyper_erlang,Hyper Erlang,1,82,0.9437860569753329,0.943786056975333,1.8714277332366316,1.3422383763215684,4.560623073128281
249,arrival,hyper_erlang,Hyper Erlang,1,62,1.0,1.0,11.846463488743327,10.320489485694587,156.46963435015934
249,service,coxian,Coxian,2,65,0.7293723173987552,0.7293723173987553,1.3113644174796824,10.412709706229398,404.9110173174764
250,arrival,coxian,Coxian,1,58,1.0,1.0,0.9997492583748389,1.999995826971625,8.999976540203468
250,service,hyper_general,Hyper General,3,29,0.6774910498576265,0.6774910498576268,0.9010682302994154,3.2017666948408148,55.41407326999548
251,arrival,hyper_general,Hyper General,2,35,1.0,0.9999999999999999,2.4312243083558456,8.766983750813585,185.1479105163698
251,service,hyper_erlang,Hyper Erlang,1,63,0.5281259937623164,0.5281259937623165,4.367454036435821,2.5261122794821453,9.961277292302206
252,arrival,hyper_erlang,Hyper Erlang,2,98,1.0,0.9999999999999999,2.2865595800752607,2.676561457157241,21.340831740543603
252,service,coxian,Coxian,1,28,0.7088260898327983,0.7088260898327983,2.7172869813026956,6.764384039718546,76.03779571803034
253,arrival,coxian,Coxian,1,94,1.0,1.0,2.321984565111155,17.054921173873076,601.7734253010933
253,service,hyper_general,Hyper General,2,54,0.5402122885734167,0.5402122885734171,6.198619567348626,8.346600162792202,149.5370586111655
254,arrival,hyper_general,Hyper General,1,71,1.0,0.9999999999999998,1.487545994982358,4.4222471737820905,53.178405711690786
254,service,hyper_erlang,Hyper Erlang,1,10,0.5370129777371915,0.5370129777371915,1.5580215526018542,0.9418881823650719,2.9257291018912226
255,arrival,hyper_erlang,Hyper Erlang,1,85,1.0,1.0000000000000002,5.9304489047620566,4.481061620030802,28.666930326914155
255,service,coxian,Coxian,1,33,0.708748337313071,0.708748337313071,2.336350990922151,85.82688308176834,16102.5954866178
256,arrival,coxian,Coxian,1,13,1.0,1.0,0.4416608478475297,1.5441151252141863,11.666563605829806
256,service,hyper_general,Hyper General,2,73,0.5899593486861924,0.5899593486861987,4.771105648345158,6.38155985026138,110.62771968246892
257,arrival,hyper_general,Hyper General,1,48,1.0,1.0000000000000007,6.92350223746026,11.970919435597457,1447.2572038128858
257,service,hyper_erlang,Hyper Erlang,1,55,0.9297215112156383,0.9297215112156383,2.168319155529533,1.675041236065827,5.364704577218772
258,arrival,hyper_erlang,Hyper Erlang,1,100,1.0,1.0,10.347261926208658,10.595769403023182,121.23684564209064
258,service,coxian,Coxian,1,23,0.5579009136149656,0.5579009136149655,0.8161392265134552,1.6713501366134924,7.042147636597263
259,arrival,coxian,Coxian,1,95,1.0,1.0,6.940889998166749,3.9561628666460256,22.530535515916938
259,service,hyper_general,Hyper General,1,8,0.7738045322694284,0.7738045322694285,1.011951371518194,2.052218615725373,9.477690497470862
260,arrival,hyper_general,Hyper General,4,56,1.0,0.9999999999999998,2.7302540241050512,236.81109370977083,234298.4377965447
260,service,hyper_erlang,Hyper Erlang,1,13,0.7244455913372263,0.7244455913372264,4.783052782680565,3.4392792539023262,18.975207177167828
261,arrival,hyper_erlang,Hyper Erlang,1,29,1.0,0.9999999999999998,1.2937785928159304,2.574470905468391,10.847473280522303
261,service,coxian,Coxian,1,78,0.7793568875863566,0.7793568875863567,0.9058268365554212,1.956525258907012,8.86008505222021
262,arrival,coxian,Coxian,1,56,1.0,0.9999999999999999,11.166844902699664,4.882380540632655,33.33318077963378
262,service,hyper_general,Hyper General,1,45,0.9454077957503653,0.9454077957503658,7.946117169199292,14.280242069400925,339.4056758011375
263,arrival,hyper_general,Hyper General,1,3,1.0,1.0,1.0000000275691234,2.000000000031468,9.000000000248166
263,service,hyper_erlang,Hyper Erlang,1,32,0.5428299178442557,0.5428299178442556,9.809667324198614,4.510919289860105,26.889890155701316
264,arrival,hyper_erlang,Hyper Erlang,1,99,1.0,1.0,4.890996562898474,3.8782546405103715,19.641411209497573
264,service,coxian,Coxian,1,15,0.6633865919429411,0.6633865919429413,3.8124006237253063,3.121836414827311,17.972082179540152
265,arrival,coxian,Coxian,1,46,1.0,0.9999999999999998,16.42499088953144,9.41065457214914,1092.1711221319483
265,service,hyper_general,Hyper General,2,9,0.6438084342448143,0.6438084342448143,1.0293584357561556,2.21946569663765,12.993574709617054
266,arrival,hyper_general,Hyper General,1,33,1.0,1.0,5.519173457285297,4.207628480677615,53.247909512327816
266,service,hyper_erlang,Hyper Erlang,1,53,0.7598346718584863,0.7598346718584865,4.874910078204072,2.000631312465332,5.544448553089415
267,arrival,hyper_erlang,Hyper Erlang,1,76,1.0,1.0,2.1811223442616448,7.650153883230519,236.14003275153945
267,service,coxian,Coxian,1,8,0.7048946612780419,0.7048946612780419,1.4455689051765388,2.0682701625749145,9.022249183749722
268,arrival,coxian,Coxian,1,55,1.0,1.0000000000000002,17.36596845992295,7.548084409578333,99.38201986462703
268,service,hyper_general,Hyper General,1,26,0.5534111466974557,0.5534111466974557,2.7899443065177554,6.407083449862568,388.0779068070814
269,arrival,hyper_general,Hyper General,1,50,1.0,1.0000000000000002,16.819193303256903,97.42210413524721,54642.11678048941
269,service,hyper_erlang,Hyper Erlang,2,3,0.8914104079649423,0.8914104079649423,0.5001825763854352,1.4178161073589086,6.058500887479763
270,arrival,hyper_erlang,Hyper Erlang,1,52,1.0,1.0,6.510763777560664,4.212371292213331,26.93613292548082
270,service,coxian,Coxian,4,36,0.7647553766674113,0.7647553766674111,7.767059982778654,84.98439670683766,10913.696069847208
271,arrival,coxian,Coxian,1,37,1.0,0.9999999999999999,3.8112313705179472,2.9989151044976206,15.246338637207575
271,service,hyper_general,Hyper General,1,75,0.929404522295362,0.9294045222953626,9.385460155641766,29.208057696084033,3127.863661059995
272,arrival,hyper_general,Hyper General,1,40,1.0,1.0,1.9164438053752928,4.08802001296891,36.70398547150414
272,service,hyper_erlang,Hyper Erlang,1,34,0.940809655371047,0.940809655371047,0.7904857872299291,10.948473580080401,140.92938234994716
273,arrival,hyper_erlang,Hyper Erlang,1,6,1.0,0.9999999999999999,1.102624060788433,2.0220743115955653,9.094227245391782
273,service,coxian,Coxian,1,80,0.8186645897191215,0.8186645897191217,13.934612888059771,6.512853733779885,59.71372699912654
274,arrival,coxian,Coxian,1,76,1.0,1.0,1.3699345419347493,2.1180469572855616,9.539721009659608
274,service,hyper_general,Hyper General,1,14,0.8316120012585568,0.8316120012585569,1.0228564582507562,3.8913576652081723,304.2791602477109
275,arrival,hyper_general,Hyper General,1,47,1.0,1.0000000000000016,4.479001663772731,49.32195540045748,4138.960033285528
275,service,hyper_erlang,Hyper Erlang,1,40,0.7996271047794394,0.7996271047794397,5.284682986527149,3.957481328126279,29.290015802889258
276,arrival,hyper_erlang,Hyper Erlang,2,96,1.0,1.0,6.8470518138628025,16.511708339235938,681.355467108362
276,service,coxian,Coxian,1,2,0.7291254182638558,0.7291254182638559,0.9971196764758226,1.9999937202973301,8.999974856965576
277,arrival,coxian,Coxian,2,83,1.0,1.0,3.975628616189214,3.6569299407672475,21.561713518805323
277,service,hyper_general,Hyper General,2,92,0.8014034469324829,0.8014034469324838,5.679286419134685,37.24653246217821,5114.241703395932
278,arrival,hyper_general,Hyper General,1,55,1.0,1.0000000000000002,1.8389361515808265,5.943464405327298,154.80594620399958
278,service,hyper_erlang,Hyper Erlang,1,28,0.766686214150768,0.7666862141507679,4.440917754915504,3.354544031246145,17.04261243785664
279,arrival,hyper_erlang,Hyper Erlang,1,72,1.0,1.0,6.01584900103846,7.509099217686207,96.42800818868419
279,service,coxian,Coxian,1,13,0.5812933921420238,0.5812933921420237,7.478217591723955,4.226221478380927,27.075158061392575
280,arrival,coxian,Coxian,1,12,1.0,1.0,0.9968911930527817,1.9935711510735474,8.957149604032038
280,service,hyper_general,Hyper General,1,13,0.7928126565253817,0.7928126565253818,2.728508678107403,17.99029725397873,665.409171625192
281,arrival,hyper_general,Hyper General,1,44,1.0,1.0000000000000002,17.31819942029141,9.551800938174233,138.81464751871323
281,service,hyper_erlang,Hyper Erlang,1,11,0.5506869973136708,0.5506869973136709,7.517676346986695,5.5650309260294595,45.934837431863876
282,arrival,hyper_erlang,Hyper Erlang,1,37,1.0,1.0,0.07901895714517737,0.2346566358182758,3.9497790629877336
282,service,coxian,Coxian,1,50,0.5292209962817609,0.5292209962817609,1.0000242232916787,2.001181003520529,9.081289217823265
283,arrival,coxian,Coxian,1,16,1.0,1.0,12.644658073604159,11.365362075332753,236.94432707621135
283,service,hyper_general,Hyper General,1,71,0.7075645278731093,0.70756452787311,1.7576225562965533,2.559450821696756,15.212274493224077
284,arrival,hyper_general,Hyper General,1,28,1.0,1.0,9.084419163748258,29.361624140952184,1360.6052822304682
284,service,hyper_erlang,Hyper Erlang,1,5,0.8728289409347949,0.8728289409347949,2.1321199620666844,2.3640197611178113,10.88055749760207
285,arrival,hyper_erlang,Hyper Erlang,2,33,1.0,1.0000000000000002,2.9108180483706194,1.6931917256928002,5.039438383188208
285,service,coxian,Coxian,1,27,0.9147668495787056,0.9147668495787056,1.3795889095994824,21.051409938374913,1726.8974873286047
286,arrival,coxian,Coxian,1,10,1.0,1.0,1.0020455222991407,2.007266998958334,9.063791651588758
286,service,hyper_general,Hyper General,2,54,0.8808698753377624,0.8808698753377625,2.7445093666287623,16.49296288239146,615.3223293605853
287,arrival,hyper_general,Hyper General,2,69,1.0,0.9999999999999999,19.514189509216656,198.12849906851258,64199.77369858578
287,service,hyper_erlang,Hyper Erlang,1,42,0.659210094406337,0.6592100944063368,3.635532347324039,4.110864277382585,23.671721388960854
288,arrival,hyper_erlang,Hyper Erlang,1,10,1.0,1.0,16.796867791227612,9.8603304365905,126.92409528007356
288,service,coxian,Coxian,1,8,0.7510556949963136,0.7510556949963141,2.56499584689397,2.4387587358263363,11.063934287437093
289,arrival,coxian,Coxian,1,47,1.0,1.0,0.9993977349639627,1.9992552343884344,8.995814835930434
289,service,hyper_general,Hyper General,1,20,0.6488850986839624,0.6488850986839626,1.7961188685051959,8.84736890140937,370.0605491151891
290,arrival,hyper_general,Hyper General,1,78,1.0,1.0000000000000004,16.614557304743077,7.550352189041324,84.53576062725888
290,service,hyper_erlang,Hyper Erlang,1,99,0.5045504051106312,0.5045504051106312,3.0444002104042798,6.225974873119721,98.51934790599695
291,arrival,hyper_erlang,Hyper Erlang,1,65,1.0,1.0,14.00718685733184,5.211433806347085,34.03129266862853
291,service,coxian,Coxian,1,36,0.6675737244466454,0.6675737244466455,0.9643523799279122,1.9989924281839078,8.99592073251881
292,arrival,coxian,Coxian,2,31,1.0,1.0000000000000002,0.9960996586456947,2.02863023384438,9.41655033898021
292,service,hyper_general,Hyper General,1,90,0.9200817168526443,0.9200817168526363,6.2536141940024175,9.334999910905132,203.7192072159927
293,arrival,hyper_general,Hyper General,1,30,1.0,1.0,18.591520797823165,10.172633101476475,176.97467542510662
293,service,hyper_erlang,Hyper Erlang,1,95,0.6433922677755896,0.6433922677755902,15.925237223270617,27.8608136790233,1039.6035480995733
294,arrival,hyper_erlang,Hyper Erlang,1,83,1.0,1.0000000000000002,0.6378107825769098,-0.3109144437988657,1.3897393023393265
294,service,coxian,Coxian,1,71,0.5765476401267153,0.5765476401267153,5.5800248559864825,4.1187643250063175,25.365144417336886
295,arrival,coxian,Coxian,1,43,1.0,1.0,3.862087240170517,5.958822275928994,54.1215371405435
295,service,hyper_general,Hyper General,2,93,0.6312501662139314,0.6312501662139259,8.080744828800825,48.44571282657088,7046.552389279313
296,arrival,hyper_general,Hyper General,1,17,1.0,1.0,1.1358811976049106,2.113559766539031,9.971450559904007
296,service,hyper_erlang,Hyper Erlang,1,24,0.6570160972737883,0.6570160972737881,3.8325657320554307,2.082760894371732,7.114920672468115
297,arrival,hyper_erlang,Hyper Erlang,1,80,1.0,1.0000000000000004,0.10607780455354678,-1.5636773917359943,6.326868430031541
297,service,coxian,Coxian,1,32,0.808480361871185,0.808480361871185,0.9658812353088029,1.9247961950516743,8.481797916116665
298,arrival,coxian,Coxian,2,24,1.0,1.0,0.9445097445813535,1.9336546275532056,8.634382771836405
298,service,hyper_general,Hyper General,1,10,0.9189723445022655,0.9189723445022654,0.9593789707560242,130.88198932971076,1219002.189391222
299,arrival,hyper_general,Hyper General,2,90,1.0,1.0000000000000073,17.614066405802962,80.87701791922298,12472.12303499267
299,service,hyper_erlang,Hyper Erlang,1,81,0.933263545829425,0.9332635458294253,0.5583572951172944,1.1421272998373568,5.312711326817757
300,arrival,hyper_erlang,Hyper Erlang,1,21,1.0,1.0,18.567516189435754,10.793297206342414,130.9655717242732
300,service,coxian,Coxian,2,51,0.9480984172761717,0.9480984172761716,10.765492396627291,159.89796359370078,38021.879519716764
301,arrival,coxian,Coxian,1,93,1.0,1.0,0.8753307461700333,1.6989656695421493,7.095632781723102
301,service,hyper_general,Hyper General,1,54,0.6482744817362899,0.6482744817362898,1.0080317297615151,2.341773350249632,19.25129366550476
302,arrival,hyper_general,Hyper General,2,22,1.0,1.0,6.5700741188722995,9.460612196076951,147.8119464876767
302,service,hyper_erlang,Hyper Erlang,1,57,0.9269250872542419,0.926925087254242,1.8790781862563253,2.1070577522166665,8.980490183694522
303,arrival,hyper_erlang,Hyper Erlang,1,33,1.0,1.0,5.8743487934347725,7.710009892546546,115.88247649536856
303,service,coxian,Coxian,1,75,0.711744190049578,0.7117441900495781,1.0013039945922053,2.0063096728647216,9.065917492809293
304,arrival,coxian,Coxian,1,28,1.0,1.0,3.0344124102813783,115.72281089254878,25781.19160314054
304,service,hyper_general,Hyper General,1,27,0.8697852084725597,0.8697852084725596,13.858985222551635,61.49537994031655,7411.30236590146
305,arrival,hyper_general,Hyper General,1,40,1.0,1.0000000000000002,1.1531656204992813,2.2490401230599937,15.181440145712607
305,service,hyper_erlang,Hyper Erlang,1,81,0.7355964264814657,0.7355964264814656,8.434216638210744,6.011784486455512,40.057759501008476
306,arrival,hyper_erlang,Hyper Erlang,1,53,1.0,1.0,6.503782232503032,7.229166680495863,77.33649048470721
306,service,coxian,Coxian,1,20,0.6438587717935812,0.643858771793581,5.971703014847814,3.706631855230296,21.37557561386621
307,arrival,coxian,Coxian,1,68,1.0,1.0,11.928457130174236,6.302236907765401,56.10124213041121
307,service,hyper_general,Hyper General,5,56,0.5615575340272556,0.5615575340272561,4.146965359458686,4.7996614603011505,43.723132400438686
308,arrival,hyper_general,Hyper General,1,23,1.0,1.0,9.06824568032524,151.0823280722121,47652.85819500132
308,service,hyper_erlang,Hyper Erlang,1,83,0.6674561558116594,0.6674561558116592,1.0282898789576094,5.094456844628361,55.65439537580707
309,arrival,hyper_erlang,Hyper Erlang,1,34,1.0,1.0,1.1868545467050282,1.2436558008534684,5.446776006015665
309,service,coxian,Coxian,1,38,0.5338002232820894,0.5338002232820894,1.0371745013543865,2.6610805557762713,26.805600554628185
310,arrival,coxian,Coxian,1,45,1.0,1.0,0.99678148048596,1.9977375667698687,8.986007111096907
310,service,hyper_general,Hyper General,1,15,0.7483155527371701,0.74831555273717,1.1303922220281373,2.142926344145288,10.244422976778132
311,arrival,hyper_general,Hyper General,3,70,1.0,1.0,10.318671300174971,15.443571751947042,371.5470552537353
311,service,hyper_erlang,Hyper Erlang,1,55,0.8756102781087873,0.8756102781087873,12.874928520096397,6.825788182763005,53.855956178334296
312,arrival,hyper_erlang,Hyper Erlang,1,55,1.0,1.0,4.755854755898663,4.7599087486423866,46.059856975551185
312,service,coxian,Coxian,1,68,0.5320886156622716,0.5320886156622717,3.848538851965318,3.135662429405449,15.769594374768586
313,arrival,coxian,Coxian,1,27,1.0,1.0,2.027393033263791,2.292771249004776,10.422776248430226
313,service,hyper_general,Hyper General,1,13,0.6312982113031922,0.6312982113031924,2.9993286150644565,3.603642286642964,53.57182819994911
314,arrival,hyper_general,Hyper General,2,9,1.0,1.0,1.946688416181844,12.900374709633077,409.54528399432843
314,service,hyper_erlang,Hyper Erlang,1,40,0.7637148695079319,0.763714869507932,2.1605582373037198,2.5053062146073515,11.751553540568175
315,arrival,hyper_erlang,Hyper Erlang,1,99,1.0,0.9999999999999998,9.258982668589015,7.829495358912243,122.57858122784907
315,service,coxian,Coxian,1,9,0.5452728974125631,0.5452728974125631,7.879172165785704,5.11447511031843,37.95304358045778
316,arrival,coxian,Coxian,1,20,1.0,1.0,0.9997278642012075,1.9999966730515806,8.999986247555789
316,service,hyper_general,Hyper General,1,18,0.7452442278737641,0.7452442278737643,5.976985462874233,121.45985078106509,789841.0389013909
317,arrival,hyper_general,Hyper General,2,24,1.0,0.9999999999999999,7.470944833906447,25.6294909599414,1546.1835142689076
317,service,hyper_erlang,Hyper Erlang,1,78,0.7772648853238561,0.7772648853238567,1.3756686882602904,0.5144251821340682,1.5042307452442896
318,arrival,hyper_erlang,Hyper Erlang,1,34,1.0,0.9999999999999998,5.716956508508754,4.836225976098173,57.54734976870283
318,service,coxian,Coxian,1,14,0.7408058348454315,0.7408058348454317,10.812605379217379,10.522911144029084,154.78233606073078
319,arrival,coxian,Coxian,1,29,1.0,0.9999999999999999,0.9197252253627706,1.9204670034814437,8.590271837141703
319,service,hyper_general,Hyper General,1,31,0.808569024181734,0.8085690241817343,3.643675247589665,4.764490783315554,43.95551852081689
320,arrival,hyper_general,Hyper General,1,30,1.0,1.0,1.6735479137672558,8.58238365139623,432.7478243698813
320,service,hyper_erlang,Hyper Erlang,1,13,0.7451352370741738,0.7451352370741738,3.6221529960560384,6.418956276796194,77.24588572533398
321,arrival,hyper_erlang,Hyper Erlang,1,77,1.0,1.0,2.799847152095508,3.905621125551219,24.4332567488248
321,service,coxian,Coxian,1,82,0.8109980648630735,0.8109980648630736,1.1289798893625433,1.852219387764958,8.2206694030744
322,arrival,coxian,Coxian,1,4,1.0,1.0,0.6068890175570631,2.9305713525932733,20.646686170754627
322,service,hyper_general,Hyper General,1,46,0.8152119616342637,0.8152119616342637,4.509102237609251,18.827276471545723,628.3294197645903
323,arrival,hyper_general,Hyper General,1,99,1.0,1.0,4.645206254176679,4.206355534293003,33.54303746712026
323,service,hyper_erlang,Hyper Erlang,1,83,0.949199825015008,0.9491998250150079,2.8812872037473394,1.543646112026439,4.0607575894515175
324,arrival,hyper_erlang,Hyper Erlang,1,80,1.0,1.0,13.795848710782888,6.159167392149149,53.65313937580587
324,service,coxian,Coxian,1,4,0.6481331993834687,0.6481331993834687,2.6768868803960664,14.494166587936059,391.34606124000163
325,arrival,coxian,Coxian,1,11,1.0,1.0,2.846153557383519,2.3695569429224665,10.487770154268025
325,service,hyper_general,Hyper General,1,8,0.5801181740039572,0.5801181740039572,1.0000000000000002,1.999999999999998,9.000000000000002
326,arrival,hyper_general,Hyper General,1,63,1.0,1.0,2.0512762264183606,4.7830156081801265,45.740038284654666
326,service,hyper_erlang,Hyper Erlang,1,2,0.7920646318260849,0.7920646318260851,1.0065118501231944,2.004113445904473,9.019940983789567
327,arrival,hyper_erlang,Hyper Erlang,1,8,1.0,0.9999999999999999,1.267591815925726,0.962154440194218,3.439013384657757
327,service,coxian,Coxian,1,76,0.5772873049711941,0.5772873049711942,2.0580504985689787,3.1419218039661545,32.71326725915216
328,arrival,coxian,Coxian,1,98,1.0,1.0000000000000002,0.8975306972377286,1.9143639236926657,8.580569278529948
328,service,hyper_general,Hyper General,1,6,0.7470517076523918,0.7470517076523918,7.404821088714311,4.107829987527573,25.63316940763936
329,arrival,hyper_general,Hyper General,1,7,1.0,1.0,1.0009312634388787,2.0006241739590127,9.00336817102647
329,service,hyper_erlang,Hyper Erlang,1,12,0.9440566801821692,0.9440566801821692,4.866196790132843,3.4239220526911334,18.793897937930343
330,arrival,hyper_erlang,Hyper Erlang,1,24,1.0,0.9999999999999999,0.8708073585270444,2.8936239766750895,11.964225976412962
330,service,coxian,Coxian,1,99,0.8023459241828346,0.8023459241828346,9.234580670070185,20.478173986986477,25207.312635563045
331,arrival,coxian,Coxian,1,2,1.0,1.0,0.9889041632997249,1.9995121101087958,8.998019793755978
331,service,hyper_general,Hyper General,4,92,0.8438047793159248,0.8438047793159233,5.016132655345509,37.68299190863315,3628.1942722637523
332,arrival,hyper_general,Hyper General,1,80,1.0,1.0,2.440682523684095,22.862782937752833,2085.4694011580536
332,service,hyper_erlang,Hyper Erlang,1,66,0.6300241221912899,0.6300241221912899,2.7801440748233,2.6058385307955554,14.264603434035758
333,arrival,hyper_erlang,Hyper Erlang,1,23,1.0,1.0000000000000002,1.9896153372565557,7.920716777136868,394.000159838359
333,service,coxian,Coxian,2,86,0.7438975553772882,0.7438975553772883,1.5277582739882403,2.489186650955862,17.793317432786004
334,arrival,coxian,Coxian,1,18,1.0,0.9999999999999999,5.199609546781946,4.149241604165263,37.102544380857566
334,service,hyper_general,Hyper General,1,55,0.8927533311412852,0.8927533311412879,5.3343973073457756,4.481392693989256,42.00090391260236
335,arrival,hyper_general,Hyper General,3,62,1.0,1.0000000000000002,6.301065743374735,12.964024791818312,348.1710224562255
335,service,hyper_erlang,Hyper Erlang,1,63,0.6072189698564262,0.6072189698564262,1.2009192667537805,0.33613034215583926,1.4000875060169367
336,arrival,hyper_erlang,Hyper Erlang,1,25,1.0,1.0000000000000002,18.517500628782113,9.272553635625403,125.39219993568055
336,service,coxian,Coxian,2,85,0.8623829797076694,0.8623829797076692,1.0488372159983417,2.2230534026807995,11.26499338056394
337,arrival,coxian,Coxian,1,63,1.0,1.0,0.9541205960446515,1.9026090522882584,8.361932379459091
337,service,hyper_general,Hyper General,1,57,0.7332266536041689,0.7332266536041689,14.535219391871767,43.645273284364826,5297.886968867481
338,arrival,hyper_general,Hyper General,1,17,1.0,1.0000000000000002,15.161237533455086,185.0863082052452,83315.42865090178
338,service,hyper_erlang,Hyper Erlang,1,91,0.8359871767740353,0.8359871767740359,2.033788706312755,3.8226898643686233,33.47670942533651
339,arrival,hyper_erlang,Hyper Erlang,1,40,1.0,1.0,3.644820593740854,3.5743271643663173,21.734163487830063
339,service,coxian,Coxian,1,65,0.7748067071199409,0.7748067071199409,1.0340557874358607,2.3777423092655816,15.75479693085833
340,arrival,coxian,Coxian,1,87,1.0,1.0000000000000004,0.9100674373143117,3.7197939028856655,41.17323081746285
340,service,hyper_general,Hyper General,2,83,0.9124883598346665,0.912488359834667,17.38584436304002,31.309048203814406,3071.286079974341
341,arrival,hyper_general,Hyper General,3,55,1.0,0.9999999999999996,5.004065611682931,6.969898505141394,149.6664552719253
341,service,hyper_erlang,Hyper Erlang,1,24,0.7739268545640314,0.7739268545640314,10.309780422511993,5.136118998555819,38.758173884516886
342,arrival,hyper_erlang,Hyper Erlang,1,100,1.0,1.0,8.652693452216653,3.785878873871831,18.76454771708577
342,service,coxian,Coxian,1,47,0.6494389518109615,0.6494389518109613,8.304509558908913,9.576928069969425,197.24341999369133
343,arrival,coxian,Coxian,2,47,1.0,1.0,0.5632724024724496,2.2241753012740375,25.923777728846456
343,service,hyper_general,Hyper General,3,73,0.811312524423994,0.811312524423995,3.3824830007241053,4.663859878462547,37.90926020044038
344,arrival,hyper_general,Hyper General,1,9,1.0,1.0,1.1437287008576478,3.0136800841402724,25.101219212490573
344,service,hyper_erlang,Hyper Erlang,1,36,0.7935650219239474,0.7935650219239475,1.5659317452440988,0.8466964009636517,2.399615923416288
345,arrival,hyper_erlang,Hyper Erlang,1,94,1.0,0.9999999999999996,0.011253238855398539,0.19778007003958684,3.1915139379829904
345,service,coxian,Coxian,1,5,0.9190906187775995,0.9190906187775993,0.9894350345984503,1.9846589141314124,8.891460990959686
346,arrival,coxian,Coxian,3,34,1.0,1.0,1.8038695687786084,2.860401876622796,14.737201210229205
346,service,hyper_general,Hyper General,2,65,0.6430484273635146,0.6430484273635144,15.510521936465963,63.82143711487763,6446.690475794983
347,arrival,hyper_general,Hyper General,1,85,1.0,1.0000000000000002,11.868921144493983,14.01502292018067,321.619586578675
347,service,hyper_erlang,Hyper Erlang,1,100,0.6906746327605626,0.690674632760563,0.9814850096437074,0.8942198207981745,20.089460622422067
348,arrival,hyper_erlang,Hyper Erlang,1,89,1.0,1.0,6.55956153742832,3.812002971272717,21.306763445037628
348,service,coxian,Coxian,1,75,0.8053393883765836,0.8053393883765836,7.8727037944032805,45.61698146949446,5001.552970444113
349,arrival,coxian,Coxian,1,10,1.0,1.0,0.6624207267889213,1.6217922145639503,7.074360670457496
349,service,hyper_general,Hyper General,2,26,0.8544035512278314,0.8544035512278314,8.942558529895166,65.55196104130944,8402.107628091728
350,arrival,hyper_general,Hyper General,2,95,1.0,1.000000000000022,6.7893843278863475,16.85452892754294,539.0263556703854
350,service,hyper_erlang,Hyper Erlang,1,34,0.8510103345202924,0.8510103345202926,1.6267143905623929,1.6585902187119057,6.3921298247327645
351,arrival,hyper_erlang,Hyper Erlang,1,81,1.0,1.0,5.162275533824245,3.570397835310238,21.598112825084822
351,service,coxian,Coxian,1,76,0.6167242952560051,0.616724295256005,0.9865661130634366,1.99680737481676,8.997458748496609
352,arrival,coxian,Coxian,1,67,1.0,1.0,8.731470447842392,7.66835443287776,84.95632402073927
352,service,hyper_general,Hyper General,1,62,0.8746909335900042,0.8746909335900043,7.199205865470181,8.437137541620752,156.74116144504958
353,arrival,hyper_general,Hyper General,1,55,1.0,1.0,17.40021892819814,38.97543597027442,3951.957618758512
353,service,hyper_erlang,Hyper Erlang,1,21,0.6550099940056913,0.6550099940056914,2.802143235291811,2.982224623420787,19.497663903214043
354,arrival,hyper_erlang,Hyper Erlang,1,94,1.0,1.0,4.147191926548446,5.932517459621885,66.34551354988797
354,service,coxian,Coxian,2,55,0.9252533035140047,0.9252533035140044,1.1715316273568241,2.492837651821707,16.022481783030617
355,arrival,coxian,Coxian,1,65,1.0,1.0,1.029078029787264,1.9982593479547186,8.97937814471907
355,service,hyper_general,Hyper General,2,82,0.5321539568689617,0.5321539568689619,19.872695930099333,16.489432456732665,586.9295799494214
356,arrival,hyper_general,Hyper General,2,85,1.0,1.0,7.2151419961303525,19.214073042184378,849.1432414112002
356,service,hyper_erlang,Hyper Erlang,1,59,0.5132643321040489,0.5132643321040492,1.514545291463331,1.7534285144674135,9.545268628213933
357,arrival,hyper_erlang,Hyper Erlang,1,96,1.0,1.0,0.5075679558976836,0.4395124059496007,1.612905948554638
357,service,coxian,Coxian,1,91,0.5565286810985292,0.5565286810985295,4.011356188453262,3.397646908252074,20.732538687699293
358,arrival,coxian,Coxian,1,85,1.0,1.0000000000000002,2.1587861973477325,30.58584149474551,2028.1280048741332
358,service,hyper_general,Hyper General,1,36,0.8331301741793389,0.8331301741793387,0.8927716836636221,1.8159324027344304,7.968264433500409
359,arrival,hyper_general,Hyper General,1,45,1.0,1.0,1.5964505486296634,4.11045279460065,52.29098346664962
359,service,hyper_erlang,Hyper Erlang,1,41,0.9237330148461314,0.9237330148461312,4.8394485112791905,3.389867843792256,16.541483121154997
360,arrival,hyper_erlang,Hyper Erlang,1,5,1.0,1.0,2.1654378728527997,2.7308475675034423,14.93441499171373
360,service,coxian,Coxian,2,36,0.8883891694731019,0.888389169473102,0.981979994698135,1.9821493877151295,8.901768593090269
361,arrival,coxian,Coxian,1,2,1.0,1.0000000000000002,0.9994969677634629,1.999991441731093,8.999965572849932
361,service,hyper_general,Hyper General,5,81,0.7010688352316414,0.7010688352316385,1.675465472133652,2.2409881854567937,10.196397643671594
362,arrival,hyper_general,Hyper General,1,62,1.0,1.0,4.983752670661069,143.28200746912168,44600.838054052685
362,service,hyper_erlang,Hyper Erlang,1,76,0.5992219579126699,0.5992219579126692,0.9611900576562916,0.6964497870451328,2.7882087350566542
363,arrival,hyper_erlang,Hyper Erlang,1,59,1.0,1.0,11.557161768053877,6.157351376664225,63.80684872108941
363,service,coxian,Coxian,1,68,0.7729504090825083,0.7729504090825086,1.0018453017168432,2.006777658061285,9.061085956559314
364,arrival,coxian,Coxian,2,45,1.0,1.0,3.042104935664738,2.796895370052746,15.137174974375272
364,service,hyper_general,Hyper General,3,25,0.6788139191752625,0.6788139191752628,3.2636906059066133,27.481439841926626,1849.7955297621663
365,arrival,hyper_general,Hyper General,1,19,1.0,1.0,1.0649316679148515,2.1488453182566754,10.27052677151475
365,service,hyper_erlang,Hyper Erlang,1,85,0.5055957585804136,0.505595758580414,5.158453220540872,3.4985775360037494,18.863777977996293
366,arrival,hyper_erlang,Hyper Erlang,1,65,1.0,1.0,2.035335406500138,4.651157144418239,72.5750456552163
366,service,coxian,Coxian,1,89,0.690255216451741,0.6902552164517409,5.128078751302828,3.4417114706269145,18.986143189462233
367,arrival,coxian,Coxian,1,34,1.0,1.0000000000000002,2.2482887591877545,2.8043781316159477,13.345750982524558
367,service,hyper_general,Hyper General,2,100,0.7960705513040206,0.7960705513040208,3.844963555156975,15.524352505500834,449.02382244394653
368,arrival,hyper_general,Hyper General,1,7,1.0,1.0,1.0004427241651,2.0038702597846743,9.070513992110124
368,service,hyper_erlang,Hyper Erlang,1,64,0.5138785850041143,0.5138785850041142,4.9882033344420105,2.6616341609766256,11.013465585130648
369,arrival,hyper_erlang,Hyper Erlang,4,54,1.0,1.0,12.718332090612755,4.78030519133246,29.09957735419704
369,service,coxian,Coxian,1,32,0.8905260932025042,0.8905260932025044,0.9970843496781191,2.1432175413714156,24.198063562262227
370,arrival,coxian,Coxian,1,59,1.0,1.0,0.9971250671749299,1.9997969797529938,8.998968616780292
370,service,hyper_general,Hyper General,1,3,0.8507243072505948,0.8507243072505949,1.0,1.9999999999999987,9.0
371,arrival,hyper_general,Hyper General,2,88,1.0,1.0,9.061700164397854,9.423716312444597,150.70438707867814
371,service,hyper_erlang,Hyper Erlang,2,55,0.5307760575637366,0.5307760575637366,1.103701111503379,4.561930513049835,36.45041430139529
372,arrival,hyper_erlang,Hyper Erlang,1,85,1.0,1.0000000000000004,0.6318079618354765,0.46564086038997227,2.0811756936598282
372,service,coxian,Coxian,1,2,0.7006356061010167,0.7006356061010167,0.9589241421782042,1.9986333178178892,8.9944556884457
373,arrival,coxian,Coxian,1,65,1.0,1.0000000000000002,0.7566843113340694,1.7403102279334106,7.579354156252213
373,service,hyper_general,Hyper General,2,53,0.7712729473718564,0.7712729473718564,1.2474202308869078,4.205645722336074,126.14248947065248
374,arrival,hyper_general,Hyper General,2,69,1.0,1.0,10.881333044283206,27.885530306728075,5495.978433356148
374,service,hyper_erlang,Hyper Erlang,1,24,0.5358830327789522,0.5358830327789522,15.480726392453017,8.537494430333538,102.80847845582593
375,arrival,hyper_erlang,Hyper Erlang,1,47,1.0,1.000000000000001,0.07693122832948146,-0.32211241087226955,2.890406856278749
375,service,coxian,Coxian,2,95,0.9264147244999357,0.9264147244999354,0.9962717993529637,1.9892759407091596,8.918096019929123
376,arrival,coxian,Coxian,1,87,1.0,1.0,1.5971477354972503,1.984635663611582,8.388640644439926
376,service,hyper_general,Hyper General,1,69,0.6068160783359734,0.6068160783359748,9.143532923143624,9.159306945924078,140.9566970248491
377,arrival,hyper_general,Hyper General,1,56,1.0,1.0,9.47318896785386,8.931948558879656,130.20483425726297
377,service,hyper_erlang,Hyper Erlang,1,30,0.7058633486320918,0.7058633486320913,0.3347878213518363,1.1544061318765353,4.996254124684853
378,arrival,hyper_erlang,Hyper Erlang,1,27,1.0,0.9999999999999999,16.160174646561185,13.894163086265518,261.7489104652616
378,service,coxian,Coxian,2,78,0.6488466820786685,0.6488466820786682,3.1507963348085233,2.533728779978236,24.25279321665411
379,arrival,coxian,Coxian,1,65,1.0,0.9999999999999999,3.725628764414222,54.50022352972002,9587.208140093606
379,service,hyper_general,Hyper General,2,53,0.8611653722104857,0.8611653722104856,13.871455818389746,7.3871139704435915,85.8100749430378
380,arrival,hyper_general,Hyper General,2,85,1.0,1.0000000000000082,13.701046691962622,39.82497918491089,2600.2369650130286
380,service,hyper_erlang,Hyper Erlang,1,81,0.7987348082311991,0.7987348082311989,2.143943938984454,0.9332689269760531,2.1069176657542004
381,arrival,hyper_erlang,Hyper Erlang,1,89,1.0,1.0000000000000002,6.076972699769933,2.9939479674012164,12.980399610715878
381,service,coxian,Coxian,3,40,0.726826072763729,0.7268260727637292,1.0718007139148409,377.0848811638167,770234.6900209318
382,arrival,coxian,Coxian,1,89,1.0,1.0,0.8945566363472226,1.9914593967203527,8.985661784691393
382,service,hyper_general,Hyper General,1,87,0.936721876159113,0.9367218761591126,6.165081038319059,5.2902575887413965,45.910838228561396
383,arrival,hyper_general,Hyper General,1,74,1.0,1.0000000000000002,9.879115608020546,9.127686684078862,152.57778592843144
383,service,hyper_erlang,Hyper Erlang,1,24,0.6628500438570581,0.662850043857058,1.6048565266193286,2.8871120357310116,15.45445912453878
384,arrival,hyper_erlang,Hyper Erlang,1,68,1.0,1.0000000000000002,2.4017255151727457,2.150838892881862,9.013588196780967
384,service,coxian,Coxian,1,6,0.7359258137685296,0.7359258137685298,0.8102310193764228,1.9605002196439352,8.830077919597967
385,arrival,coxian,Coxian,1,2,1.0,1.0,6.6677138288443025,3.954779366308389,23.999143723391835
385,service,hyper_general,Hyper General,1,5,0.8770656346404186,0.8770656346404186,1.0123107354289966,2.0003872263193703,9.00160695155833
386,arrival,hyper_general,Hyper General,3,88,1.0,1.0,11.52026688609888,17.025107774601157,800.7424100787365
386,service,hyper_erlang,Hyper Erlang,1,25,0.6792058708266923,0.6792058708266921,4.986402649352865,5.0142250574894485,34.030039651124525
387,arrival,hyper_erlang,Hyper Erlang,1,89,1.0,0.9999999999999999,13.554224416707127,7.581629778574739,84.56321696460991
387,service,coxian,Coxian,1,12,0.779812196626561,0.7798121966265608,7.648301711413354,4.310013492069371,27.69466396464849
388,arrival,coxian,Coxian,1,21,1.0,1.0000000000000002,5.4003777639868344,5.799424812285905,54.79235313357823
388,service,hyper_general,Hyper General,1,59,0.9134415625652089,0.9134415625652088,10.692966632799703,6.048654511768944,59.069899587655556
389,arrival,hyper_general,Hyper General,2,41,1.0,1.0,1.6367087263743492,3.5329935860846855,27.45601085826401
389,service,hyper_erlang,Hyper Erlang,1,43,0.8918435334428868,0.8918435334428868,0.6052552430949022,1.3184789125086689,5.68246446851861
390,arrival,hyper_erlang,Hyper Erlang,1,67,1.0,1.0000000000000002,7.788839504327095,3.192340884830533,13.19826320783556
390,service,coxian,Coxian,2,81,0.5564033841630838,0.5564033841630837,4.59002363654669,3.049625507973414,15.226306170832926
391,arrival,coxian,Coxian,1,97,1.0,0.9999999999999997,9.100079655934607,11.128116453465926,174.95512626278193
391,service,hyper_general,Hyper General,1,30,0.721196205221557,0.721196205221557,2.084797237578853,2.8728018640311372,16.140921594450305
392,arrival,hyper_general,Hyper General,1,61,1.0,1.0,16.674008487760403,8.145456384716011,114.29538080575887
392,service,hyper_erlang,Hyper Erlang,2,10,0.5678901317370447,0.5678901317370444,5.54191606116381,3.1401944511665927,14.91184324872307
393,arrival,hyper_erlang,Hyper Erlang,2,43,1.0,1.0,2.320759260329243,1.7854292494137252,6.113466226720255
393,service,coxian,Coxian,1,42,0.7895275308298116,0.7895275308298115,3.91021361538928,3.188923205198305,17.015041394822322
394,arrival,coxian,Coxian,1,23,1.0,1.0,2.047437328660346,2.442364723545153,14.028120433344677
394,service,hyper_general,Hyper General,1,38,0.721504589762947,0.7215045897629467,15.780494012784365,13.827328025033305,1011.9033727877102
395,arrival,hyper_general,Hyper General,1,86,1.0,1.0,4.984955556419693,5.123757027685921,47.48396504343412
395,service,hyper_erlang,Hyper Erlang,1,77,0.9323895708076728,0.9323895708076723,9.66940042910672,3.4240235966072015,13.702349660197871
396,arrival,hyper_erlang,Hyper Erlang,1,21,1.0,1.0,15.479332070083561,6.378081996193835,56.95082711411779
396,service,coxian,Coxian,1,67,0.6223131700457951,0.6223131700457952,0.7855969599074996,1.9042937272168365,8.56964807948023
397,arrival,coxian,Coxian,1,83,1.0,1.0,0.9243148561204766,1.989202627329035,8.951856122087994
397,service,hyper_general,Hyper General,2,90,0.769186862357958,0.7691868623579577,18.182159431398688,6.796459140383614,66.58059662403075
398,arrival,hyper_general,Hyper General,1,73,1.0,0.9999999999999996,12.69617852180549,22.050250524351547,818.2766860867275
398,service,hyper_erlang,Hyper Erlang,1,4,0.8884017242911539,0.8884017242911539,0.6635318643466195,1.3160447132428366,5.617480692316697
399,arrival,hyper_erlang,Hyper Erlang,1,72,1.0,1.0000000000000002,3.3190706669430625,1.61575545483826,4.00496262656982
399,service,coxian,Coxian,1,37,0.8851281087712953,0.8851281087712956,0.6855015461465456,3.0052487352780846,152.10535539977352
400,arrival,coxian,Coxian,1,64,1.0,0.9999999999999999,1.0914269683338804,271.9923524230949,18329732.625870876
400,service,hyper_general,Hyper General,1,3,0.6155388722102982,0.6155388722102982,1.0,2.0000000000000004,9.000000000000002
401,arrival,hyper_general,Hyper General,1,46,1.0,1.0,13.80406516102543,17.043820172607518,423.08218816906333
401,service,hyper_erlang,Hyper Erlang,1,58,0.5993869426976498,0.5993869426976491,0.11660321372656458,-1.514927516683341,5.799817040203458
402,arrival,hyper_erlang,Hyper Erlang,1,56,1.0,1.0,8.236676509644074,3.9396246636322267,21.275563326579892
402,service,coxian,Coxian,1,80,0.6815981411618971,0.6815981411618969,11.058624574485268,5.570670407370725,46.260516998786976
403,arrival,coxian,Coxian,1,63,1.0,1.0000000000000004,3.054516008730136,4.9629331612563155,38.03126511068473
403,service,hyper_general,Hyper General,1,72,0.7002315002724773,0.7002315002724772,2.81054031442596,21.545889305692956,1216.2834708436121
404,arrival,hyper_general,Hyper General,1,53,1.0,1.0,1.504011459792598,14.184971448397999,1442.0300684092888
404,service,hyper_erlang,Hyper Erlang,1,65,0.8285309630390565,0.8285309630390566,3.551679746409786,12.294612706153897,2241.5649475243713
405,arrival,hyper_erlang,Hyper Erlang,1,73,1.0,1.0000000000000002,0.021339759967808004,0.13026900612292944,4.067361933617313
405,service,coxian,Coxian,1,21,0.6167193765470342,0.6167193765470341,1.7810219711953121,5.0413368261538825,56.51566113728507
406,arrival,coxian,Coxian,1,81,1.0,1.0,0.8499934422129309,1.959415813157907,8.824047506405956
406,service,hyper_general,Hyper General,5,54,0.8359436577802867,0.8359436577802857,5.942070899085977,63.54633994450942,10518.10943702815
407,arrival,hyper_general,Hyper General,1,84,1.0,0.9999999999999998,15.393593314394309,25.930010139170623,1131.207582520772
407,service,hyper_erlang,Hyper Erlang,1,58,0.8294696680985845,0.8294696680985839,0.7687054476472341,-0.026036504261708934,1.4395142905743983
408,arrival,hyper_erlang,Hyper Erlang,1,80,1.0,1.0000000000000002,1.3409139722262189,0.7046333686788387,2.116894214358879
408,service,coxian,Coxian,1,6,0.6574131333083926,0.6574131333083925,1.3748278901807929,6.716871554041194,130.98765012649235
409,arrival,coxian,Coxian,1,20,1.0,1.0,0.998822136767884,1.9999580375984172,8.999796264140489
409,service,hyper_general,Hyper General,1,29,0.933482348489179,0.9334823484891787,6.909842912312533,39.91132926518864,3505.6904741705816
410,arrival,hyper_general,Hyper General,1,87,1.0,1.0000000000000004,5.404825054041787,4.885673117499692,160.74973906277555
410,service,hyper_erlang,Hyper Erlang,1,54,0.8763995196450802,0.8763995196450797,10.583844782505608,3.5459996550970097,15.478371814341774
411,arrival,hyper_erlang,Hyper Erlang,1,33,1.0,1.0,0.05956286912334807,0.4539882877869135,3.39012163259104
411,service,coxian,Coxian,1,20,0.5319974429878747,0.5319974429878747,5.127021716535892,9.126751354115882,112.93970186781205
412,arrival,coxian,Coxian,1,15,1.0,1.0,0.8481265617772276,1.9703962407698132,8.876307485497016
412,service,hyper_general,Hyper General,4,96,0.53005692422091,0.53005692422091,2.5414335096727014,7.093544036832415,194.52243054142332
413,arrival,hyper_general,Hyper General,1,39,1.0,1.0000000000000002,11.608061062473405,15.769332295209972,370.71723097731154
413,service,hyper_erlang,Hyper Erlang,1,70,0.7238740734249266,0.7238740734249268,6.650634127836477,4.8647966456273215,35.14076282106465
414,arrival,hyper_erlang,Hyper Erlang,1,54,1.0,1.0000000000000038,6.779396265279404,2.343012335337908,6.831358891209172
414,service,coxian,Coxian,1,83,0.9138129286074134,0.9138129286074135,0.5386281907540045,1.4526204108638174,6.272619123863192
415,arrival,coxian,Coxian,1,91,1.0,1.0,0.8855557605241209,1.9662171437314664,8.852956752599978
415,service,hyper_general,Hyper General,1,32,0.5715909783786495,0.5715909783786496,5.366946593397745,48.069189876866446,11421.112102666273
416,arrival,hyper_general,Hyper General,3,53,1.0,1.0000000000000002,8.318387287106559,13.921626063860332,300.78291857529047
416,service,hyper_erlang,Hyper Erlang,2,23,0.7651971889766886,0.7651971889766885,6.2081095099586,4.485427499452786,30.955969960834363
417,arrival,hyper_erlang,Hyper Erlang,1,10,1.0,0.9999999999999999,4.192226492295143,2.951580181507731,12.423363926076332
417,service,coxian,Coxian,1,30,0.7391500892569774,0.7391500892569774,16.533161970521164,10.222200816147462,135.0235906049237
418,arrival,coxian,Coxian,1,77,1.0,1.0,0.7114339433559613,1.877386494393325,8.458072195621947
418,service,hyper_general,Hyper General,1,42,0.7195554763495815,0.7195554763495821,1.1329529911414138,2.3645705390239153,13.766461914113798
419,arrival,hyper_general,Hyper General,1,81,1.0,1.0,16.952772960838082,24.97215362677485,2240.511908852516
419,service,hyper_erlang,Hyper Erlang,1,86,0.611389200984929,0.6113892009849291,0.972558397687765,0.043635709253576675,1.1370744693808106
420,arrival,hyper_erlang,Hyper Erlang,1,52,1.0,1.0,3.396688533779807,1.6738266031748577,4.702428922303784
420,service,coxian,Coxian,1,71,0.5500688772612449,0.5500688772612448,1.6288768642364981,2.156176675186521,9.737463673989819
421,arrival,coxian,Coxian,1,87,1.0,1.0,0.7606009550137596,2.8132017130445077,26.120504346315208
421,service,hyper_general,Hyper General,1,56,0.5100423435660945,0.5100423435660943,10.150918457787995,22.04770528989197,1008.0179379345709
422,arrival,hyper_general,Hyper General,1,43,1.0,0.9999999999999999,1.7254959184067913,7.7027494961838965,180.2461147517933
422,service,hyper_erlang,Hyper Erlang,1,47,0.9217257234010645,0.9217257234010644,2.6325791291377216,2.9234531729440603,24.682155905186445
423,arrival,hyper_erlang,Hyper Erlang,1,98,1.0,1.0,0.990030379419854,0.9420954202103029,3.679931621182972
423,service,coxian,Coxian,1,72,0.7290228768016888,0.7290228768016891,4.280323571514609,3.439231060610982,19.36663506600137
424,arrival,coxian,Coxian,1,78,1.0,1.0000000000000002,0.5538635763289077,1.438940618841036,6.119795892504139
424,service,hyper_general,Hyper General,1,7,0.9144634282824469,0.9144634282824469,5.30060961593991,124.75667036774003,26171.44562337826
425,arrival,hyper_general,Hyper General,3,79,1.0,0.9999999999999984,6.362869699288124,6.870400532633139,85.35903782121711
425,service,hyper_erlang,Hyper Erlang,1,27,0.8420157020601968,0.8420157020601968,6.027465720739447,2.9458756307776586,11.781004369028992
426,arrival,hyper_erlang,Hyper Erlang,1,28,1.0,0.9999999999999996,10.953333388912041,4.758152890879784,31.110135565643898
426,service,coxian,Coxian,1,9,0.6597649091980182,0.659764909198018,0.6277190430656017,1.5948476694708182,6.949635109761842
427,arrival,coxian,Coxian,1,64,1.0,0.9999999999999998,0.7398409150373054,2.694667654286315,61.209647351835116
427,service,hyper_general,Hyper General,1,36,0.7883788614791034,0.7883788614791037,6.683385978757807,5.838695682628878,63.55733039795042
428,arrival,hyper_general,Hyper General,1,42,1.0,1.0000000000000002,17.767025844957168,131.0424448682019,47865.47327960917
428,service,hyper_erlang,Hyper Erlang,1,24,0.671683583151519,0.671683583151519,7.132284522903244,6.365266618203197,65.09091385932483
429,arrival,hyper_erlang,Hyper Erlang,1,19,1.0,0.9999999999999999,0.1987130039376837,0.8148696068180733,5.716764799214076
429,service,coxian,Coxian,1,97,0.9330818698993529,0.9330818698993529,0.7717839422877844,1.6150317713896833,6.86955510737227
430,arrival,coxian,Coxian,2,7,1.0,1.0,0.9999751490879711,1.9999999032756661,8.99999959672941
430,service,hyper_general,Hyper General,1,36,0.5548032726242769,0.554803272624277,5.165237137722827,7.547761201227095,298.15493842010966
431,arrival,hyper_general,Hyper General,1,17,1.0,1.0,1.9199546485084795,2.2932954818935984,10.484806786460352
431,service,hyper_erlang,Hyper Erlang,1,35,0.8135885463492207,0.8135885463492207,7.251639478818388,7.810119183732252,87.002489446594
432,arrival,hyper_erlang,Hyper Erlang,1,31,1.0,1.0,1.6550476738922408,1.3195485225246815,4.310440664112379
432,service,coxian,Coxian,1,87,0.9225520663398599,0.9225520663398596,4.195479111966077,52.7312188723642,5264.919367532849
433,arrival,coxian,Coxian,1,52,1.0,1.0000000000000002,0.8545967290346362,1.9438642939806687,10.54556858391577
433,service,hyper_general,Hyper General,1,86,0.8939880709761465,0.8939880709761465,3.1996586850595046,4.216656982651904,92.7834897675925
434,arrival,hyper_general,Hyper General,1,71,1.0,1.000000000000001,9.718921186580808,8.022662068136182,144.28207821509196
434,service,hyper_erlang,Hyper Erlang,2,63,0.9150797381125286,0.9150797381125291,11.762097324681353,6.158200490932942,50.38307209823054
435,arrival,hyper_erlang,Hyper Erlang,1,37,1.0,0.9999999999999999,14.771533587255165,6.270741830683324,58.109693737549094
435,service,coxian,Coxian,1,77,0.5014999840801956,0.5014999840801956,1.0222136764880523,1.9375596303312206,8.329760101115099
436,arrival,coxian,Coxian,1,41,1.0,1.0,0.8845438834239698,1.9966362897619314,9.129141787144928
436,service,hyper_general,Hyper General,2,85,0.7488544085148081,0.7488544085148082,2.8750749709982633,5.145982511721631,78.16370491626132
437,arrival,hyper_general,Hyper General,1,100,1.0,0.9999999999999968,6.949721305575408,5.953106812448661,70.16426790257555
437,service,hyper_erlang,Hyper Erlang,1,42,0.7969160659220427,0.7969160659220429,3.958765165953859,1.7173101621172155,4.536513156046999
438,arrival,hyper_erlang,Hyper Erlang,1,27,1.0,1.0,0.5000531781808439,1.4255200195616269,7.280123848866377
438,service,coxian,Coxian,1,95,0.521728558846063,0.521728558846063,0.9383606368425415,1.9513827604854979,8.824009858915943
439,arrival,coxian,Coxian,1,80,1.0,1.0,1.380896557178104,26.6744488570304,2628.655964076918
439,service,hyper_general,Hyper General,3,78,0.6542134008006641,0.654213400800664,3.2391318185555247,7.560120383920031,110.76350713424594
440,arrival,hyper_general,Hyper General,2,85,1.0,1.0000000000000007,4.425364415603787,3.349937183300032,18.259303353651987
440,service,hyper_erlang,Hyper Erlang,1,4,0.5756040489056947,0.5756040489056947,1.0001761887053484,2.0000019960371045,9.000008004455122
441,arrival,hyper_erlang,Hyper Erlang,1,85,1.0,1.0,4.763912576833931,6.193867746883438,66.6682008101684
441,service,coxian,Coxian,3,87,0.7975508410869271,0.7975508410869273,3.595922635436827,3.0162244176547675,15.383259991525675
442,arrival,coxian,Coxian,1,29,1.0,1.0,1.3441722239617784,15.52809608910493,932.0280182660194
442,service,hyper_general,Hyper General,1,88,0.6189593020573512,0.618959302057351,7.272385517843412,6.349516956834673,92.4414367526139
443,arrival,hyper_general,Hyper General,1,64,1.0,1.0,17.5856591570422,12.065968865001185,221.20864257085262
443,service,hyper_erlang,Hyper Erlang,1,99,0.8268491271934411,0.8268491271934412,0.6620599299980456,0.36780124087484634,2.013047377601313
444,arrival,hyper_erlang,Hyper Erlang,1,23,1.0,0.9999999999999996,11.611040897698132,5.041881534717046,33.06405776512518
444,service,coxian,Coxian,1,28,0.8241410009513265,0.8241410009513263,11.683983941846266,314.0844934827043,144260.97794252547
445,arrival,coxian,Coxian,1,21,1.0,1.0000000000000002,1.1117159202241225,2.2406048661094173,14.130643722739217
445,service,hyper_general,Hyper General,3,96,0.7024022466216913,0.7024022466216908,3.0211062125714547,9.106071912556882,175.19459970186884
446,arrival,hyper_general,Hyper General,1,4,1.0,1.0,1.1888731323019055,4.848451380212813,92.83387782010296
446,service,hyper_erlang,Hyper Erlang,1,11,0.7332757310733975,0.7332757310733976,9.2657129115993,4.98935138439834,39.96380992561008
447,arrival,hyper_erlang,Hyper Erlang,1,85,1.0,1.0,11.10353679581214,3.856636255634676,18.47837119184312
447,service,coxian,Coxian,1,5,0.5994875294600217,0.599487529460022,7.128148005271057,4.314378027929795,27.948139288084498
448,arrival,coxian,Coxian,1,5,1.0,1.0,1.495973343971138,3.027092592617321,17.38818127286513
448,service,hyper_general,Hyper General,1,65,0.6257158607856306,0.6257158607856307,8.768639916007313,90.17743363354667,12416.188594678173
449,arrival,hyper_general,Hyper General,1,83,1.0,0.9999999999999994,4.667871402493532,25.638222727705816,2948.1447344117378
449,service,hyper_erlang,Hyper Erlang,1,47,0.6865207505074216,0.6865207505074211,0.048748483111860134,0.35318858749896453,3.490192293965957
450,arrival,hyper_erlang,Hyper Erlang,1,47,1.0,1.0,0.07928449741013699,0.5930861456015003,3.24521562871758
450,service,coxian,Coxian,1,79,0.8716029894449571,0.8716029894449573,0.9980827754815021,1.9277312396165813,8.315979116844408
451,arrival,coxian,Coxian,1,34,1.0,0.9999999999999999,2.5220598738493174,13.65168246841186,445.74369921349654
451,service,hyper_general,Hyper General,2,53,0.9278709454118005,0.9278709454118019,9.876109728806727,12.498625799154357,275.90011300767475
452,arrival,hyper_general,Hyper General,2,96,1.0,1.0000000000000002,1.8361976142519745,2.713064437292628,33.277400341466084
452,service,hyper_erlang,Hyper Erlang,1,69,0.5926014516002072,0.5926014516002072,0.17798057802492795,1.1281620379704476,5.185288921992077
453,arrival,hyper_erlang,Hyper Erlang,1,46,1.0,1.0,0.25128492199579733,-0.051635614820824405,2.980720327209997
453,service,coxian,Coxian,1,6,0.5082801243120628,0.5082801243120629,1.2962538592637478,3.218779893171396,22.156813085172956
454,arrival,coxian,Coxian,1,61,1.0,1.0000000000000002,17.389073068803796,6.8491478075796985,65.59103519094505
454,service,hyper_general,Hyper General,1,27,0.7242368698412049,0.7242368698412049,1.1137168658525158,2.010065354194199,9.055229779517608
455,arrival,hyper_general,Hyper General,1,52,1.0,1.0,4.01127100325216,17.4534628933288,633.8941713071364
455,service,hyper_erlang,Hyper Erlang,1,27,0.5659943717956792,0.5659943717956792,8.866261775320805,6.4270418385598616,74.80352549812223
456,arrival,hyper_erlang,Hyper Erlang,1,9,1.0,1.0000000000000002,4.353343266898369,3.3661311347987626,21.939660309453966
456,service,coxian,Coxian,1,68,0.6881242680678903,0.6881242680678902,0.9723849290039461,1.9958560127353384,8.982343512429946
457,arrival,coxian,Coxian,1,62,1.0,1.0,1.2545163760622424,1.7979302517518272,7.846188151304627
457,service,hyper_general,Hyper General,1,25,0.8755271369823641,0.8755271369823641,1.9241635072348033,12.009435640869201,426.3887219020936
458,arrival,hyper_general,Hyper General,1,16,1.0,1.0,4.604794814094041,31.82403634573961,1827.8904458331642
458,service,hyper_erlang,Hyper Erlang,1,88,0.6698358089590344,0.6698358089590344,5.557255004811235,4.543379736911084,31.329839107193067
459,arrival,hyper_erlang,Hyper Erlang,1,77,1.0,1.0,3.4540586074249493,12.288778495510156,317.94665287164923
459,service,coxian,Coxian,1,3,0.7670454927896384,0.7670454927896384,1.4728353267721859,2.1003600112606926,9.456479188310684
460,arrival,coxian,Coxian,1,64,1.0,1.0,1.1964225228134797,3.206606421974696,25.558071118507304
460,service,hyper_general,Hyper General,1,11,0.8336495694947439,0.8336495694947437,14.62768550092332,7.129977056247226,72.48415699497409
461,arrival,hyper_general,Hyper General,1,9,1.0,1.0,18.976976280206525,10.1985997573427,164.31032362659766
461,service,hyper_erlang,Hyper Erlang,1,42,0.9244148227862012,0.9244148227862012,7.009227993987122,4.449593246594065,31.0377386586239
462,arrival,hyper_erlang,Hyper Erlang,2,39,1.0,1.0000000000000002,10.18411647440757,5.140016410473866,36.12952745795292
462,service,coxian,Coxian,1,38,0.8072630012784681,0.8072630012784682,11.701973331169524,6.802226617500663,68.47665946807456
463,arrival,coxian,Coxian,2,35,1.0,0.9999999999999998,1.8868369590648473,9.316972545946967,181.34655304320992
463,service,hyper_general,Hyper General,1,88,0.6496278909109541,0.6496278909109542,6.124401849538652,8.75106797131822,173.7354674435941
464,arrival,hyper_general,Hyper General,2,73,1.0,1.0,1.5876928390560558,20.581290131061724,3011.778113926672
464,service,hyper_erlang,Hyper Erlang,1,46,0.8846604702555125,0.8846604702555126,2.000076440950345,1.4461835295914076,4.453985892512473
465,arrival,hyper_erlang,Hyper Erlang,1,22,1.0,0.9999999999999999,16.239223250059812,15.751909225986468,392.2061984704379
465,service,coxian,Coxian,2,67,0.8361883616107546,0.8361883616107546,0.9978796348850657,1.999820924893124,8.99941785108253
466,arrival,coxian,Coxian,1,81,1.0,1.0,0.6619923749810903,1.506193621787214,6.3488450815137325
466,service,hyper_general,Hyper General,2,44,0.855513303827697,0.8555133038276992,6.574996087214603,36.08600337136483,2561.082345532351
467,arrival,hyper_general,Hyper General,1,22,1.0,1.0,5.752202975415666,8.391057954345802,114.96789698401868
467,service,hyper_erlang,Hyper Erlang,1,83,0.9371500187003137,0.9371500187003137,1.2838255489964487,1.6630458105217003,4.847387208465918
468,arrival,hyper_erlang,Hyper Erlang,2,19,1.0,1.0,1.685073949466894,5.001784469853505,36.84563514931683
468,service,coxian,Coxian,1,97,0.755446629589067,0.7554466295890668,18.998696130962024,9.25347668847764,118.17227220700768
469,arrival,coxian,Coxian,1,35,1.0,1.0000000000000002,1.3062058586193064,9.023270769324915,199.27167826884
469,service,hyper_general,Hyper General,1,72,0.799311466870825,0.799311466870815,5.5881987982978885,31.68026731021977,3413.161348686449
470,arrival,hyper_general,Hyper General,1,2,1.0,1.0,1.0000000000000004,1.9999999999999996,9.0
470,service,hyper_erlang,Hyper Erlang,1,39,0.937843660140768,0.937843660140768,1.9317488755576937,2.2999227733480323,9.321668662886138
471,arrival,hyper_erlang,Hyper Erlang,1,40,1.0,1.0,6.569998563144601,3.1058747385294323,13.38823046261011
471,service,coxian,Coxian,1,29,0.8670169270173951,0.8670169270173953,0.9643065953423607,3.221580902998551,38.90209653748831
472,arrival,coxian,Coxian,1,54,1.0,1.0,0.9929071494911459,1.9933501284442676,8.965258126731394
472,service,hyper_general,Hyper General,1,52,0.7116227142105809,0.7116227142105811,6.4006412086359745,4.1697198417457235,28.43104594730961
473,arrival,hyper_general,Hyper General,1,71,1.0,0.9999999999999998,3.525900504420823,7.614123185286274,163.30998714803505
473,service,hyper_erlang,Hyper Erlang,1,68,0.7425056635022881,0.7425056635022882,4.867638717347209,4.524133791899168,22.4043876422115
474,arrival,hyper_erlang,Hyper Erlang,1,76,1.0,1.0,1.1411538675821125,0.3522495372945073,1.524471841334962
474,service,coxian,Coxian,1,45,0.7883136500293246,0.7883136500293247,2.0336746295452284,2.30626774728868,10.545456849503815
475,arrival,coxian,Coxian,1,77,1.0,1.0,1.489731543735255,3.29972501776972,24.438782690899743
475,service,hyper_general,Hyper General,3,34,0.6074768982137806,0.6074768982137805,3.1357930458560794,5.2540721650661935,44.98737822676099
476,arrival,hyper_general,Hyper General,1,16,1.0,1.0,9.709741018173604,24.172749887104498,850.5273834735493
476,service,hyper_erlang,Hyper Erlang,1,27,0.8290976643184679,0.8290976643184679,3.3337917465642457,3.8715128217992656,28.317687562915783
477,arrival,hyper_erlang,Hyper Erlang,2,20,1.0,0.9999999999999997,4.159830778301257,2.8192604022567727,14.943870653704286
477,service,coxian,Coxian,1,47,0.5676071013510148,0.5676071013510148,14.14566100326925,22.807542953222054,726.0740686063724
478,arrival,coxian,Coxian,3,20,1.0,0.9999999999999999,0.7763902172015369,1.8228497508752952,8.069843998123241
478,service,hyper_general,Hyper General,1,8,0.8866466543710292,0.8866466543710292,1.3021226387359623,2.234849292342829,10.91435458109043
479,arrival,hyper_general,Hyper General,1,55,1.0,0.9999999999999999,2.2093628651072756,3.8179729206258273,98.01762698829643
479,service,hyper_erlang,Hyper Erlang,1,16,0.7234716348862705,0.7234716348862706,13.064659053606999,5.8209601830009055,49.21516013268548
480,arrival,hyper_erlang,Hyper Erlang,1,43,1.0,1.0,2.453987972311574,2.6380763568607724,11.492768038602346
480,service,coxian,Coxian,1,49,0.7763947408075544,0.7763947408075546,1.0054965509756246,5.999307699818512,4414.729648507397
481,arrival,coxian,Coxian,1,42,1.0,0.9999999999999998,4.249750284774587,4.19236343649853,28.94440533988965
481,service,hyper_general,Hyper General,1,14,0.7275888151172021,0.7275888151172023,8.498767533943267,5.028057634180799,37.50601758777867
482,arrival,hyper_general,Hyper General,1,25,1.0,1.0,4.318156193789562,3.3902508439298487,18.960305320081954
482,service,hyper_erlang,Hyper Erlang,1,58,0.8658178954829132,0.8658178954829132,8.62916884022172,8.636745208841788,125.12042366913822
483,arrival,hyper_erlang,Hyper Erlang,1,96,1.0,1.0,1.034256123174627,0.4221067136757008,1.9681802181708994
483,service,coxian,Coxian,2,92,0.7725355825000202,0.7725355825000201,0.9570846754861422,1.9879844914628237,9.30003826762244
484,arrival,coxian,Coxian,1,81,1.0,1.0,0.9982373683134735,2.000221221761558,9.006761301106605
484,service,hyper_general,Hyper General,1,50,0.6565819447789913,0.6565819447789911,17.376111730968283,14.442430227269071,310.9513246810016
485,arrival,hyper_general,Hyper General,1,20,1.0,1.0,1.3560078673801237,8.355621853463681,277.1854298886388
485,service,hyper_erlang,Hyper Erlang,1,45,0.7371674037670938,0.737167403767094,1.0715948541065206,0.7253352014170131,2.938982542396565
486,arrival,hyper_erlang,Hyper Erlang,1,89,1.0,1.0,4.423803529297965,2.2987444775150205,7.316397393847096
486,service,coxian,Coxian,1,28,0.818586969922263,0.818586969922263,1.263943504154306,2.2495072979327646,10.402101236244953
487,arrival,coxian,Coxian,1,6,1.0,0.9999999999999998,3.3056565251364534,2.8760848041843374,14.310359539196435
487,service,hyper_general,Hyper General,1,83,0.570648094975411,0.5706480949754111,5.203936883836721,6.227912912406139,74.42041644316923
488,arrival,hyper_general,Hyper General,1,8,1.0,1.0,1.0000067072637968,2.000016685540549,9.000146870330742
488,service,hyper_erlang,Hyper Erlang,1,50,0.6388802901756956,0.6388802901756957,7.418141452673733,3.0867199351942403,12.831670744837677
489,arrival,hyper_erlang,Hyper Erlang,1,15,1.0,1.0,1.3773292337578495,2.060978322529165,9.124378891499145
489,service,coxian,Coxian,1,63,0.619205884759549,0.6192058847595489,2.0856138874846093,3.080038344575408,18.749280475155125
490,arrival,coxian,Coxian,1,18,1.0,1.0000000000000004,3.2405846221573364,6.2594878625417945,60.790410922905245
490,service,hyper_general,Hyper General,1,37,0.8306978602455763,0.8306978602455777,15.909148121535342,9.561677509916223,133.2510078225453
491,arrival,hyper_general,Hyper General,2,16,1.0,1.0000000000000002,3.8085787329168856,1222.474855428663,10814073.138627317
491,service,hyper_erlang,Hyper Erlang,1,18,0.8913604470223266,0.8913604470223265,3.272723325645822,3.1338326597601363,16.42715251303668
492,arrival,hyper_erlang,Hyper Erlang,1,83,1.0,0.9999999999999997,6.1576328816142105,3.070696493399943,13.727764149074947
492,service,coxian,Coxian,1,5,0.5431357538408419,0.543135753840842,1.5108731608299382,2.194072675530838,9.94311787620077
493,arrival,coxian,Coxian,1,55,1.0,1.0000000000000002,1.1161293681341014,3.402606369821748,40.872891602893326
493,service,hyper_general,Hyper General,1,50,0.5068323818141038,0.5068323818141036,5.796084327637101,21.853524703534642,10082.936979264694
494,arrival,hyper_general,Hyper General,1,75,1.0,1.0,1.441697979055855,2.5131976460528054,17.11819338328171
494,service,hyper_erlang,Hyper Erlang,1,33,0.5990874842899396,0.5990874842899395,10.678519601437124,5.832073034432199,50.061801849267894
495,arrival,hyper_erlang,Hyper Erlang,1,70,1.0,0.9999999999999998,6.19090576473988,3.96667612727339,21.257130420493965
495,service,coxian,Coxian,1,86,0.7979256860414874,0.7979256860414874,0.6508901101692325,1.6234415944221798,7.159760918990234
496,arrival,coxian,Coxian,1,13,1.0,0.9999999999999997,1.2227588862115464,39.13257819420555,8534.866210425404
496,service,hyper_general,Hyper General,1,2,0.5133554985349978,0.5133554985349978,1.0,1.9999999999999996,9.000000000000004
497,arrival,hyper_general,Hyper General,2,60,1.0,1.0,4.92845645253559,30.578891493996533,1779.6230722564055
497,service,hyper_erlang,Hyper Erlang,1,34,0.819369017459244,0.8193690174592441,4.693903589653963,2.7556852639191836,12.4860630666786
498,arrival,hyper_erlang,Hyper Erlang,1,87,1.0,0.9999999999999999,2.039180161235342,0.8452001063503759,1.9441834766235784
498,service,coxian,Coxian,1,50,0.5552118735923078,0.555211873592308,0.8110908525534679,1.8031316624816103,7.936462708667384
499,arrival,coxian,Coxian,1,59,1.0,1.0,1.802662919207577,6.080804044972099,113.68305433384758
499,service,hyper_general,Hyper General,1,6,0.6225990991151452,0.622599099115145,1.0872103617315374,2.0060060710463574,9.025423559787118
500,arrival,hyper_general,Hyper General,2,96,1.0,1.0000000000000033,15.081261348503757,25.218207649384695,1181.9732690659669
500,service,hyper_erlang,Hyper Erlang,1,62,0.5886317622842775,0.5886317622842776,5.386443512406334,3.585760172940865,20.787590417201688
501,arrival,hyper_erlang,Hyper Erlang,1,61,1.0,0.9999999999999999,0.6717070029757338,1.8330529581161406,10.884814781783827
501,service,coxian,Coxian,1,11,0.6868670756483927,0.6868670756483928,0.9901810982229168,1.998944893808056,8.99547581059179
502,arrival,coxian,Coxian,1,85,1.0,1.0,0.9663876451766058,2.021404121934626,9.588683125947794
502,service,hyper_general,Hyper General,2,69,0.5773860659797001,0.5773860659796999,19.57693572367943,18.56184656562767,665.8937877366175
503,arrival,hyper_general,Hyper General,1,90,1.0,1.0,1.9330621974503166,5.118554570366756,128.8636198231435
503,service,hyper_erlang,Hyper Erlang,1,82,0.9351905620756948,0.9351905620756946,9.135733164197873,3.9430186578267907,18.32633066262816
504,arrival,hyper_erlang,Hyper Erlang,2,49,1.0,1.0000000000000002,4.05724356841975,2.4934713417199283,9.28261019696604
504,service,coxian,Coxian,1,19,0.9344099348970574,0.9344099348970573,0.9958206306119952,1.9901332843634676,8.929729148850072
505,arrival,coxian,Coxian,1,96,1.0,1.0,1.407068614753737,12.224810499356721,985.6542840918916
505,service,hyper_general,Hyper General,1,61,0.5796020126950668,0.5796020126950668,1.6248867058550382,2.1457502978443324,9.67805275029343
506,arrival,hyper_general,Hyper General,3,23,1.0,1.0,8.73475767781154,17.907538806747713,504.7067859321843
506,service,hyper_erlang,Hyper Erlang,1,14,0.5443281169970758,0.5443281169970758,5.104697436860647,2.4811988255833364,9.200897136318561
507,arrival,hyper_erlang,Hyper Erlang,1,25,1.0,1.0000000000000002,6.163311589459018,5.739285692309758,65.54902500268545
507,service,coxian,Coxian,1,32,0.6852459090022965,0.6852459090022966,1.360251768508176,2.9396843378458617,17.22371153302384
508,arrival,coxian,Coxian,1,80,1.0,1.0,1.2380971517924726,3.1478142528326436,18.250873653989224
508,service,hyper_general,Hyper General,1,40,0.5442909658414646,0.5442909658414657,19.46735606696497,9.699168518077691,153.47761422261698
509,arrival,hyper_general,Hyper General,2,68,1.0,0.9999999999999987,4.942224148176736,28.789880348085838,17898.6135993727
509,service,hyper_erlang,Hyper Erlang,1,36,0.6227205315200731,0.6227205315200731,12.540259973473626,4.764778981970027,29.832610931496763
510,arrival,hyper_erlang,Hyper Erlang,1,50,1.0,1.0,2.7404705583717393,5.271708174458714,49.44790032800219
510,service,coxian,Coxian,1,61,0.6004577637625442,0.6004577637625441,1.363775954704959,9.096211246460111,291.4563378208806
511,arrival,coxian,Coxian,1,97,1.0,0.9999999999999998,6.212112589375113,3.7917118697270276,22.327299531615722
511,service,hyper_general,Hyper General,1,28,0.6715771815637285,0.6715771815637283,1.2280183019983424,10.556942722965658,750.4335740046797
512,arrival,hyper_general,Hyper General,1,96,1.0,1.0000000000000002,2.7427592698429892,5.181563888962308,78.68991592879631
512,service,hyper_erlang,Hyper Erlang,1,51,0.5670636249161913,0.5670636249161914,1.9009633256623781,2.1336957905595924,9.778795013673644
513,arrival,hyper_erlang,Hyper Erlang,1,86,1.0,0.9999999999999998,0.06570520853684572,-1.3463376524469322,4.710374174256698
513,service,coxian,Coxian,1,87,0.7327936658322458,0.7327936658322458,18.436366737369188,45.18951607728003,2787.6929260870493
514,arrival,coxian,Coxian,1,87,1.0,0.9999999999999997,0.5534305143041097,1.589692938945546,7.518449796079047
514,service,hyper_general,Hyper General,1,33,0.5324450329717324,0.5324450329717325,5.553628859074096,4.045175140267427,26.31449206355766
515,arrival,hyper_general,Hyper General,1,81,1.0,1.0000000000000002,18.864784025977208,281.51404001530636,118595.62357748284
515,service,hyper_erlang,Hyper Erlang,1,42,0.6311437114377236,0.6311437114377237,2.633094713896156,4.208187813815973,44.08916108654564
516,arrival,hyper_erlang,Hyper Erlang,1,14,1.0,1.0,2.9581044289250227,3.6714188252715263,22.28277730227364
516,service,coxian,Coxian,1,72,0.8903871242834824,0.8903871242834823,3.491853974525683,4.479664302469977,29.135285363310988
517,arrival,coxian,Coxian,1,12,1.0,1.0,1.5851425577400327,2.1414420361414477,9.654459090365199
517,service,hyper_general,Hyper General,1,99,0.6828200052499687,0.6828200052499618,7.076863005979704,9.836323326576561,153.99107184777984
518,arrival,hyper_general,Hyper General,1,32,1.0,1.0,1.3608210987086595,7.448094245089814,928.5697790023813
518,service,hyper_erlang,Hyper Erlang,1,29,0.9179530712028798,0.9179530712028802,10.9948415059118,17.273936379013026,447.23032790372525
519,arrival,hyper_erlang,Hyper Erlang,1,96,1.0,1.0,3.9121706190506984,2.075486923018668,6.872414918710804
519,service,coxian,Coxian,1,76,0.5927306316533129,0.5927306316533129,1.0074581549113404,2.138328358725302,12.982923891709598
520,arrival,coxian,Coxian,1,75,1.0,1.0,0.9991334677190435,1.9999171673806615,8.999626868863649
520,service,hyper_general,Hyper General,1,60,0.7944370661565212,0.7944370661565212,9.050129539956357,19.287856507244758,583.7888376137873
521,arrival,hyper_general,Hyper General,1,47,1.0,1.0,6.896341800384494,12.311996730868573,275.20056798634647
521,service,hyper_erlang,Hyper Erlang,1,38,0.8253037900320981,0.8253037900320983,2.4342340226694845,2.6627314605189785,13.031302621117534
522,arrival,hyper_erlang,Hyper Erlang,1,77,1.0,0.9999999999999998,8.235168093181306,8.951202817814536,99.2640268466261
522,service,coxian,Coxian,1,29,0.9280722024295487,0.9280722024295488,3.7709824438176267,3.0179900855071793,15.411301143720028
523,arrival,coxian,Coxian,1,13,1.0,1.0,10.854756590166987,8.650934674239787,104.0183842489328
523,service,hyper_general,Hyper General,2,81,0.7393131753481892,0.7393131753481887,4.838552661351361,3.917910196066353,24.711858444582113
524,arrival,hyper_general,Hyper General,2,29,1.0,1.0,5.435496430042345,18.032485151365474,994.0120614578245
524,service,hyper_erlang,Hyper Erlang,1,31,0.7774742639055576,0.7774742639055575,7.245016222610771,5.471443705236493,37.55203325470379
525,arrival,hyper_erlang,Hyper Erlang,1,95,1.0,0.9999999999999999,3.0468528716402323,1.744223890908285,5.438177311270757
525,service,coxian,Coxian,1,85,0.9386964018168624,0.9386964018168623,0.999087569807294,1.9991151709427823,9.001956501838821
526,arrival,coxian,Coxian,1,14,1.0,1.0,2.1940102210472907,3.2968115792812887,20.14602572400265
526,service,hyper_general,Hyper General,1,40,0.5685633185252745,0.5685633185252744,1.530742195472167,13.085721741037702,657.6631865881511
527,arrival,hyper_general,Hyper General,1,29,1.0,1.0,6.360706524326732,783.6726235298854,1277276.6239152502
527,service,hyper_erlang,Hyper Erlang,1,72,0.7300173403173076,0.7300173403173077,4.302358899574279,4.065560575574164,19.560497725763405
528,arrival,hyper_erlang,Hyper Erlang,1,75,1.0,1.0,15.874775156756233,8.07548261580596,84.7039427732902
528,service,coxian,Coxian,1,18,0.6382782663661908,0.6382782663661907,4.104012177333866,3.1466614361587872,17.19528865551134
529,arrival,coxian,Coxian,1,25,1.0,1.0,2.763255800630263,2.859094270632929,15.12188441297492
529,service,hyper_general,Hyper General,1,11,0.7098227563630652,0.7098227563630651,0.999780208269665,1.9999877744198704,8.999954364922933
530,arrival,hyper_general,Hyper General,1,95,1.0,1.0000000000000056,5.8049035019107835,10.148787072466586,161.72833540226875
530,service,hyper_erlang,Hyper Erlang,1,16,0.5046829104334996,0.5046829104334997,2.1177251991716144,1.5457535697648104,5.0227241309036
531,arrival,hyper_erlang,Hyper Erlang,1,68,1.0,1.0,2.562463619229521,1.2199927353551938,3.0061118679252825
531,service,coxian,Coxian,1,83,0.6278041853461466,0.6278041853461467,0.9797011472512772,1.9994850945868992,9.565216595009254
532,arrival,coxian,Coxian,1,69,1.0,1.0000000000000002,1.00844004688421,2.0932605404022535,10.933263144519568
532,service,hyper_general,Hyper General,3,82,0.8128675402679892,0.8128675402679894,17.652245489986363,12.419499643797604,233.68079388479092
533,arrival,hyper_general,Hyper General,3,41,1.0,0.9999999999999996,15.891163117354573,9.740098436803619,206.91179802260766
533,service,hyper_erlang,Hyper Erlang,1,82,0.7334056107874921,0.7334056107874924,1.5940837227986608,0.8110703967430632,2.371417958676974
534,arrival,hyper_erlang,Hyper Erlang,1,49,1.0,1.0,15.442344246667552,6.573750966687441,53.32176497684597
534,service,coxian,Coxian,1,67,0.5863648108216379,0.5863648108216379,2.0982227184768942,17.501979375572546,1183.8382150472673
535,arrival,coxian,Coxian,1,60,1.0,1.0,4.761813236371716,18.67764653845175,824.4397108690255
535,service,hyper_general,Hyper General,1,85,0.5081965090069323,0.5081965090069324,11.043715884183516,6.025607496376638,54.3369599790129
536,arrival,hyper_general,Hyper General,2,53,1.0,1.0000000000000002,7.852167559063995,220.0830845389658,195268.6764708967
536,service,hyper_erlang,Hyper Erlang,1,52,0.6353363458364453,0.6353363458364453,4.324395710914158,2.9454304675374527,12.0726435916979
537,arrival,hyper_erlang,Hyper Erlang,1,50,1.0,1.0,6.129945047549559,5.101996466577331,36.67246761739512
537,service,coxian,Coxian,1,99,0.801230157017552,0.8012301570175518,4.612157288011893,9.068949826053956,122.02698400094287
538,arrival,coxian,Coxian,3,76,1.0,1.0,1.024733292177705,2.6411579289239437,16.924178760019643
538,service,hyper_general,Hyper General,1,92,0.8729203304614221,0.8729203304614219,17.422903790191114,18.49842360198573,514.4426046373815
539,arrival,hyper_general,Hyper General,3,70,1.0,1.0,1.2955824943457972,2.4864801652383717,20.603070477802227
539,service,hyper_erlang,Hyper Erlang,1,71,0.8601714663129401,0.8601714663129402,5.72631193667598,6.398009215974307,75.497997766138
540,arrival,hyper_erlang,Hyper Erlang,1,87,1.0,1.0,0.7913834572251066,0.386351837763388,1.971991681407548
540,service,coxian,Coxian,1,33,0.8408339572183585,0.8408339572183583,0.7387053257274179,2.086000623131311,41.93245014495605
541,arrival,coxian,Coxian,1,7,1.0,0.9999999999999999,0.9954578017439797,1.998776045578669,8.993761660238928
541,service,hyper_general,Hyper General,2,51,0.5916316248442928,0.5916316248442919,16.639584539975356,12.20683876002872,362.5242105464432
542,arrival,hyper_general,Hyper General,2,82,1.0,1.0,19.894576821896987,68.53797453805936,11795.366213353016
542,service,hyper_erlang,Hyper Erlang,1,48,0.812892873519077,0.8128928735190767,1.6187846195396873,2.2089475078030287,27.707984318934333
543,arrival,hyper_erlang,Hyper Erlang,2,92,1.0,1.0000000000000002,0.7361968156744406,1.63904306717131,12.644786587729673
543,service,coxian,Coxian,1,11,0.6297975746493827,0.6297975746493825,4.802148576681066,5.895227243288274,49.340964915655796
544,arrival,coxian,Coxian,1,9,1.0,1.0,1.6165096668705052,1.8968690144557856,8.047979227946042
544,service,hyper_general,Hyper General,1,26,0.5193515264233172,0.5193515264233172,3.295539199471694,60.50401916302636,9923.564421623543
545,arrival,hyper_general,Hyper General,3,62,1.0,1.0,1.1812064073000057,3.759641765536846,66.88533251999658
545,service,hyper_erlang,Hyper Erlang,1,28,0.6918978290755964,0.6918978290755964,1.5632823114299617,1.6229205063114165,5.798242454206201
546,arrival,hyper_erlang,Hyper Erlang,1,14,1.0,1.0,3.6033989074480663,3.1187033755777467,15.87680621994161
546,service,coxian,Coxian,1,31,0.8048099249006859,0.8048099249006859,9.053694368425404,8.699932845504206,113.94726250783984
547,arrival,coxian,Coxian,3,4,1.0,0.9999999999999999,2.867684174625006,2.8076086623155345,13.816369079546726
547,service,hyper_general,Hyper General,1,50,0.6750234400757921,0.6750234400757921,2.4937866026044655,5.226092179153862,67.65636149313534
548,arrival,hyper_general,Hyper General,1,6,1.0,1.0,0.9970187396468899,1.999726214937171,8.998787614879186
548,service,hyper_erlang,Hyper Erlang,1,18,0.7301277515448457,0.7301277515448458,12.441313387365733,5.190075989965636,37.3889625996189
549,arrival,hyper_erlang,Hyper Erlang,1,27,1.0,1.0,1.7444250342568837,3.030100027877057,17.842458962125107
549,service,coxian,Coxian,1,30,0.5997783912897153,0.5997783912897154,0.8157010899130867,1.949965469816006,8.782305156221367
550,arrival,coxian,Coxian,1,93,1.0,0.9999999999999996,3.428563943651905,2.8640060642997986,14.202649292932577
550,service,hyper_general,Hyper General,1,61,0.5929368096758783,0.5929368096758786,17.78281186301866,26.979590789362984,1464.0071082622237
551,arrival,hyper_general,Hyper General,1,23,1.0,1.0,1.0008684875628013,2.056637826810115,14.577534247265762
551,service,hyper_erlang,Hyper Erlang,1,67,0.6869958112102698,0.6869958112102699,0.4320373983993107,-0.5503288287203072,1.8935090443504279
552,arrival,hyper_erlang,Hyper Erlang,1,60,1.0,1.0,4.941061779751772,4.976205996477559,84.33257326991168
552,service,coxian,Coxian,1,21,0.5403627964785405,0.5403627964785402,1.2288712775335546,2.84420675309542,17.482929265747337
553,arrival,coxian,Coxian,1,84,1.0,1.0,0.999581432479052,1.9998843267974045,8.999401088473817
553,service,hyper_general,Hyper General,3,47,0.7133848171286092,0.713384817128609,4.096041304391266,51.0764015297893,5079.100690336331
554,arrival,hyper_general,Hyper General,1,42,1.0,0.9999999999999993,6.597168587388454,861.2102407348888,2064710.7614469647
554,service,hyper_erlang,Hyper Erlang,1,60,0.706207481925798,0.7062074819257979,13.335063905693074,4.176507803905693,21.388875526239715
555,arrival,hyper_erlang,Hyper Erlang,1,14,1.0,1.0,0.4170391243095355,-0.14094297784782903,2.080574774798667
555,service,coxian,Coxian,1,9,0.7548522573528331,0.7548522573528335,4.8117677462872015,3.369192889504435,18.33647493686139
556,arrival,coxian,Coxian,1,34,1.0,1.0,3.9966883431595432,3.6824026431515247,22.393630672380446
556,service,hyper_general,Hyper General,2,27,0.8891122479195928,0.8891122479195929,6.262669067631791,4.358768076319129,72.38498221700034
557,arrival,hyper_general,Hyper General,1,14,1.0,1.0000000000000004,1.2839413545426297,2.054565778096335,9.264597940968146
557,service,hyper_erlang,Hyper Erlang,2,62,0.741602452012806,0.7416024520128057,6.3989060459908185,4.755643172902519,30.989310101124996
558,arrival,hyper_erlang,Hyper Erlang,1,17,1.0,1.0,4.755858027123693,5.278326730268043,50.05885528659588
558,service,coxian,Coxian,2,70,0.672886848574858,0.6728868485748578,7.530148773055412,4.7477925346134375,50.195000930969755
559,arrival,coxian,Coxian,1,42,1.0,1.0,2.821029898576307,11.004665361543543,241.64340415437698
559,service,hyper_general,Hyper General,3,83,0.5535695381089512,0.5535695381089512,17.716429362257646,17.082186764078845,517.7427814074617
560,arrival,hyper_general,Hyper General,1,72,1.0,1.0,6.01548365612637,8.702961794234412,402.48135116390324
560,service,hyper_erlang,Hyper Erlang,1,62,0.7997121935990743,0.799712193599075,4.268047714275496,2.300999189744517,7.0924247102277596
561,arrival,hyper_erlang,Hyper Erlang,1,55,1.0,1.0,5.955836933225342,3.2016605831667615,14.310572229448923
561,service,coxian,Coxian,1,87,0.5655663008935282,0.5655663008935282,0.8931788993604214,1.8996426808396367,8.485674756329358
562,arrival,coxian,Coxian,1,49,1.0,0.9999999999999999,0.8484983272173572,1.6785779595447654,7.106359090381279
562,service,hyper_general,Hyper General,1,6,0.7948212594870387,0.7948212594870387,1.0001290963746161,2.000012567079796,9.000054194545843
563,arrival,hyper_general,Hyper General,1,52,1.0,1.0,3.439897572468295,30.375282499541772,2815.8996737637253
563,service,hyper_erlang,Hyper Erlang,1,95,0.6800230188119909,0.6800230188119907,6.456223042742683,8.259327596123939,72.81628034759437
564,arrival,hyper_erlang,Hyper Erlang,1,66,1.0,0.9999999999999998,0.9088766432706281,3.2958870509863445,34.739772989416444
564,service,coxian,Coxian,1,89,0.8127173135458725,0.8127173135458726,6.3213343868338665,3.784162870815431,22.235005837378864
565,arrival,coxian,Coxian,1,8,1.0,0.9999999999999999,1.2039643933497284,2.132672543970627,10.8928497922847
565,service,hyper_general,Hyper General,1,2,0.7340818646059424,0.7340818646059425,0.9999999999999996,2.0000000000000004,9.000000000000004
566,arrival,hyper_general,Hyper General,1,15,1.0,1.0,1.0194796351861144,2.2231375761251404,16.03342413968054
566,service,hyper_erlang,Hyper Erlang,1,77,0.6957306637902065,0.6957306637902069,0.2930474313245576,-0.6255952543821244,3.3444633461704365
567,arrival,hyper_erlang,Hyper Erlang,1,69,1.0,0.9999999999999998,1.420480742115459,1.5930032987097715,6.340277502560186
567,service,coxian,Coxian,1,19,0.8064115162182828,0.8064115162182826,2.6862291181190483,2.7662539676342455,13.535590672104341
568,arrival,coxian,Coxian,1,44,1.0,1.0,1.0576780451119818,2.1384445697881898,11.533439196052958
568,service,hyper_general,Hyper General,1,25,0.5411995432854524,0.5411995432854524,5.818551420852686,40.985972261376446,6095.430595790876
569,arrival,hyper_general,Hyper General,1,87,1.0,1.0,3.7746083392416754,19.77607881918099,1508.871536588861
569,service,hyper_erlang,Hyper Erlang,3,20,0.8265944183173495,0.8265944183173497,3.5855305753260556,34.49587627704339,6841.233230115588
570,arrival,hyper_erlang,Hyper Erlang,1,95,1.0,1.0,5.681050031941278,39.17222054762351,2025.331507274967
570,service,coxian,Coxian,1,91,0.755805596622031,0.755805596622031,0.9292449789741133,1.585990126710398,6.519832189236246
571,arrival,coxian,Coxian,1,86,1.0,1.0,9.231921381043557,16.558145395338894,3843.739317627647
571,service,hyper_general,Hyper General,1,33,0.5539367239840439,0.5539367239840427,5.311325576965543,16.839249626938006,2433.498252542746
572,arrival,hyper_general,Hyper General,1,68,1.0,1.0,19.859847647217006,7.664258967563035,85.2086277641776
572,service,hyper_erlang,Hyper Erlang,1,66,0.9102509854581948,0.9102509854581948,3.6530366746642238,2.1509653231400736,6.960063356706978
573,arrival,hyper_erlang,Hyper Erlang,1,94,1.0,1.0000000000000002,6.0166880625580115,6.0816762818924754,53.6968605189237
573,service,coxian,Coxian,1,37,0.5287540972400883,0.5287540972400883,1.4555111466188824,1.7808180353116962,7.396387705000413
574,arrival,coxian,Coxian,2,61,1.0,0.9999999999999999,1.0017460855888105,2.0242018437701854,9.464226789210178
574,service,hyper_general,Hyper General,1,35,0.8771077150986928,0.8771077150986925,4.839185388058839,42.33937119900241,3627.716193560249
575,arrival,hyper_general,Hyper General,1,8,1.0,1.0,1.0115813300464365,2.6511896353405193,61.01092274355524
575,service,hyper_erlang,Hyper Erlang,1,94,0.7516616441261961,0.7516616441261962,3.0587566947375264,2.1583137689051517,7.404329418582415
576,arrival,hyper_erlang,Hyper Erlang,1,69,1.0,1.0000000000000002,0.7987805748043965,3.5731416103387996,35.30080119333296
576,service,coxian,Coxian,1,67,0.9151878737156729,0.9151878737156729,0.999443848321022,1.9999351812508193,8.999730777018254
577,arrival,coxian,Coxian,1,90,1.0,1.0,0.6009031118959591,1.6169560954214157,7.065468703050621
577,service,hyper_general,Hyper General,1,41,0.7571818820922294,0.7571818820922299,1.3411036086671462,3.1413165933212572,60.61653583373211
578,arrival,hyper_general,Hyper General,1,57,1.0,0.9999999999999996,11.5302873387587,10.834450417854088,178.72544593983568
578,service,hyper_erlang,Hyper Erlang,1,93,0.6653707211165598,0.6653707211165598,9.358737998032884,3.1366035739612017,11.488019036378256
579,arrival,hyper_erlang,Hyper Erlang,1,53,1.0,0.9999999999999999,3.250503631386403,1.868339599739884,5.710268383781297
579,service,coxian,Coxian,1,53,0.8792206844363333,0.8792206844363332,0.9564792447575471,1.99671270975126,8.987127411888439
580,arrival,coxian,Coxian,1,93,1.0,1.0000000000000004,8.587861688020489,4.543626017873681,30.448427621422002
580,service,hyper_general,Hyper General,1,45,0.7694656660700467,0.7694656660700467,1.4462286491820684,3.8261683182457795,44.425654060195114
581,arrival,hyper_general,Hyper General,1,61,1.0,0.9999999999999998,1.5135041829549738,9.016601326771998,272.2519549773495
581,service,hyper_erlang,Hyper Erlang,1,13,0.7961784092674177,0.7961784092674178,3.103485087009633,3.41032059419936,19.359667697743156
582,arrival,hyper_erlang,Hyper Erlang,1,53,1.0,1.0,0.4248727316650789,-0.29662108341364235,2.1825813599839745
582,service,coxian,Coxian,2,63,0.9185957590001238,0.9185957590001238,1.1946103217733588,19.753647350352676,2570.251250745732
583,arrival,coxian,Coxian,1,66,1.0,0.9999999999999998,0.886430141184992,3.121232198527841,21.68978114785891
583,service,hyper_general,Hyper General,1,20,0.7508696033671536,0.7508696033671532,3.7053043767605174,26.618751824771014,1484.310625804069
584,arrival,hyper_general,Hyper General,1,7,1.0,1.0,1.0,2.0,9.0
584,service,hyper_erlang,Hyper Erlang,1,63,0.870336428988185,0.870336428988185,0.03628008234771841,-1.0946434544392425,6.233334701001134
585,arrival,hyper_erlang,Hyper Erlang,1,63,1.0,1.0,2.5615599664023345,1.5374048255287525,4.2238529720083156
585,service,coxian,Coxian,1,21,0.7238019770072687,0.7238019770072683,3.850056448153296,11.650821231734062,605.8545536335797
586,arrival,coxian,Coxian,1,68,1.0,1.0000000000000004,5.411815354155827,3.8075905478952734,22.514216563330887
586,service,hyper_general,Hyper General,3,23,0.6126714627203939,0.612671462720394,1.1240913448129835,6.525172240115861,604.8549778918363
587,arrival,hyper_general,Hyper General,1,55,1.0,1.0,4.39416135654656,18.17591188432096,1022.8192336587043
587,service,hyper_erlang,Hyper Erlang,2,67,0.7147081183540197,0.7147081183540195,12.763339003080668,7.811114693622102,86.17319084418308
588,arrival,hyper_erlang,Hyper Erlang,1,43,1.0,1.0000000000000002,0.4146249179448867,0.161948241793354,2.903966997223815
588,service,coxian,Coxian,2,91,0.6930604074866036,0.6930604074866037,1.0593078551942263,2.007120843187548,9.028645099673945
589,arrival,coxian,Coxian,2,44,1.0,1.0,1.7550827170423333,239.79599054308315,179658.73954320548
589,service,hyper_general,Hyper General,1,51,0.5511513785042674,0.5511513785042644,2.947019939503525,3.4263182554690257,24.24231209140922
590,arrival,hyper_general,Hyper General,1,2,1.0,1.0,1.0,2.0,9.0
590,service,hyper_erlang,Hyper Erlang,1,43,0.5421692458789615,0.5421692458789614,6.406234033013844,3.6094982589558406,18.102271536296403
591,arrival,hyper_erlang,Hyper Erlang,1,76,1.0,1.0,0.04882219601156734,-0.19869904879530706,4.928978198637813
591,service,coxian,Coxian,1,73,0.9057289774205937,0.9057289774205937,6.844487757374035,13.333083449438407,259.2022530996993
592,arrival,coxian,Coxian,1,29,1.0,1.0,0.9998773004343577,2.0082782603658074,9.238469262151655
592,service,hyper_general,Hyper General,2,16,0.5208796934637762,0.5208796934637762,1.579423790165255,3.789636825663431,31.948186094906546
593,arrival,hyper_general,Hyper General,3,70,1.0,1.0000000000000002,6.097997394687076,19.566931091057597,611.173723072379
593,service,hyper_erlang,Hyper Erlang,1,24,0.7277232672982329,0.7277232672982328,0.5193448126041441,-0.106088375323971,2.0938616281228524
594,arrival,hyper_erlang,Hyper Erlang,1,20,1.0,1.0000000000000002,0.07249256122395928,0.48933295833590656,3.552955627213232
594,service,coxian,Coxian,1,31,0.8070703417245644,0.8070703417245643,0.854477456496643,1.7264611507142102,7.321643637387366
595,arrival,coxian,Coxian,1,89,1.0,1.0,0.9983631953975354,1.9965001001997982,9.046296318357047
595,service,hyper_general,Hyper General,3,49,0.6764546547737358,0.6764546547737337,3.1509390178828305,2.89520635130461,15.245046386840011
596,arrival,hyper_general,Hyper General,2,87,1.0,1.0,10.997380671356366,13.766664578581022,298.0123374548072
596,service,hyper_erlang,Hyper Erlang,2,27,0.9413381833727075,0.9413381833727076,16.84740032650076,8.93026101889751,134.43448436540197
597,arrival,hyper_erlang,Hyper Erlang,1,25,1.0,1.0,7.522347610527216,8.357626744971556,93.09449585482126
597,service,coxian,Coxian,1,97,0.914370896983322,0.9143708969833222,1.2636856196766868,2.143166127754218,9.70714533783472
598,arrival,coxian,Coxian,1,36,1.0,1.0000000000000002,0.998247428457808,1.9984884919245725,8.99187772548393
598,service,hyper_general,Hyper General,1,90,0.823479066118165,0.8234790661181648,6.245593671376671,4.434565966702592,31.11184208212499
599,arrival,hyper_general,Hyper General,1,92,1.0,1.0,1.9043338658530855,143.08607967584547,217671.6886410233
599,service,hyper_erlang,Hyper Erlang,1,91,0.7733151606425688,0.7733151606425684,1.0806843454567452,1.7831202400320454,8.506871226735985
600,arrival,hyper_erlang,Hyper Erlang,1,65,1.0,1.0,4.049549007906193,3.2909689577013284,16.76784377727499
600,service,coxian,Coxian,2,76,0.5273081218567744,0.5273081218567744,0.9996038287369241,1.9999988038096748,8.999993557939815
601,arrival,coxian,Coxian,1,35,1.0,0.9999999999999999,1.1509971083902832,2.07505376486491,9.15580356980388
601,service,hyper_general,Hyper General,3,50,0.6866857799506755,0.6866857799506755,1.1303246238787594,3.655269531400664,51.84243540710551
602,arrival,hyper_general,Hyper General,1,67,1.0,1.0,16.184666194916698,39.34071097966504,2344.215241236956
602,service,hyper_erlang,Hyper Erlang,1,100,0.9025422777331293,0.9025422777331293,2.1371483766475934,2.414922957191326,11.427780266908064
603,arrival,hyper_erlang,Hyper Erlang,1,97,1.0,1.0,0.7355283450024253,0.35160866047926964,2.1333362599557306
603,service,coxian,Coxian,1,13,0.7928106264911251,0.7928106264911253,0.9801441450005299,1.9790181357034164,8.85644773860342
604,arrival,coxian,Coxian,1,88,1.0,1.0,0.6211590630921047,2.132160050275954,14.325166238834461
604,service,hyper_general,Hyper General,1,68,0.8997836512080362,0.8997836512080358,10.44440830312473,11.084024295296665,186.19657651356334
605,arrival,hyper_general,Hyper General,1,52,1.0,1.0,6.720638259880781,10.252182084660667,235.85964554785156
605,service,hyper_erlang,Hyper Erlang,1,72,0.9404540471009994,0.9404540471009996,0.4842480480588361,-0.011787910179768728,2.3646231700936657
606,arrival,hyper_erlang,Hyper Erlang,1,38,1.0,1.0000000000000002,1.5931674546799546,1.3736503380631155,4.84471397838852
606,service,coxian,Coxian,1,31,0.6121138901089535,0.6121138901089535,2.9690907735070278,36.84028162655805,2821.805553885732
607,arrival,coxian,Coxian,1,94,1.0,1.0000000000000002,0.9419640534684184,2.356100436223159,13.023711265055685
607,service,hyper_general,Hyper General,2,74,0.9001723144109616,0.9001723144109612,7.69650216752986,37.79333196316227,2281.6976221246496
608,arrival,hyper_general,Hyper General,1,18,1.0,1.0,2.752234840553976,13.753556929260725,555.1059967361205
608,service,hyper_erlang,Hyper Erlang,1,85,0.7076143213505505,0.7076143213505502,5.446695146200577,2.4689141078301162,8.610271458113571
609,arrival,hyper_erlang,Hyper Erlang,1,66,1.0,0.9999999999999997,14.271183732392396,7.312834978178246,70.73916871841831
609,service,coxian,Coxian,1,82,0.7601203376281406,0.7601203376281407,8.489789117781473,5.4567173505276765,44.76131963360603
610,arrival,coxian,Coxian,2,58,1.0,1.0,0.9106631615377299,1.9925923020142946,8.969393002639524
610,service,hyper_general,Hyper General,1,84,0.600074770133499,0.6000747701334974,19.86471568979308,9.005932191869599,119.24802028069114
611,arrival,hyper_general,Hyper General,1,74,1.0,1.0,8.800635727212912,23.605438504309348,1045.1396786709954
611,service,hyper_erlang,Hyper Erlang,2,97,0.9121519818876171,0.9121519818876173,0.1310124059260775,121.92464788878745,42505.78065822327
612,arrival,hyper_erlang,Hyper Erlang,1,69,1.0,1.0,10.923023687744246,12.494177183115761,299.42894641515284
612,service,coxian,Coxian,1,93,0.7793515418438854,0.7793515418438856,0.9659307539161757,2.024904004555837,9.747192867590744
613,arrival,coxian,Coxian,1,79,1.0,1.0,0.997524510698852,1.9948512704156964,8.965561804302155
613,service,hyper_general,Hyper General,1,70,0.5083497376747832,0.508349737674783,4.696537240274389,39.25275496779985,4649.760586484804
614,arrival,hyper_general,Hyper General,1,88,1.0,1.0,2.526598779153792,11.61024677430946,544.2213578204771
614,service,hyper_erlang,Hyper Erlang,1,14,0.6162229133770502,0.61622291337705,12.094714471562954,13.390152873613603,271.93613277890694
615,arrival,hyper_erlang,Hyper Erlang,1,27,1.0,1.0,12.457802185503274,5.525699366797634,43.94407158034912
615,service,coxian,Coxian,2,4,0.918361391471926,0.918361391471926,0.7909399204483892,1.8782906727021096,8.449509561455171
616,arrival,coxian,Coxian,1,8,1.0,1.0,6.303365799079591,3.8662116335294288,23.0824298781939
616,service,hyper_general,Hyper General,1,83,0.849488199037624,0.8494881990376238,14.499133018890987,13.256250753178186,333.9093628702635
617,arrival,hyper_general,Hyper General,3,81,1.0,1.0,1.4877444862324167,5.226098153793851,111.6210767387591
617,service,hyper_erlang,Hyper Erlang,1,19,0.7360378533745645,0.7360378533745643,2.679550579277858,2.0618114035266504,8.073387510718815
618,arrival,hyper_erlang,Hyper Erlang,1,68,1.0,1.0,2.308740746002548,1.8308399793290615,6.287023576479659
618,service,coxian,Coxian,1,35,0.9421298467339271,0.942129846733927,3.1738549046205016,2.5814756864278623,11.987179432631457
619,arrival,coxian,Coxian,1,86,1.0,0.9999999999999999,0.7905564137048144,1.8198039291597983,8.027337357680565
619,service,hyper_general,Hyper General,2,51,0.6901226906967657,0.6901226906967671,7.362949480861965,7.215656913889589,91.57472036412587
620,arrival,hyper_general,Hyper General,1,90,1.0,0.9999999999999953,4.855186830833179,25.44796523205252,2285.407651971948
620,service,hyper_erlang,Hyper Erlang,1,45,0.7306396128309074,0.7306396128309067,1.3887315691567481,6.4945828793881075,70.00859729638167
621,arrival,hyper_erlang,Hyper Erlang,1,44,1.0,1.0,5.355320753808188,3.718611696706038,21.57747046014547
621,service,coxian,Coxian,1,21,0.9180579863461316,0.9180579863461313,1.4190252260172882,4.277830546607774,221.8760227363638
622,arrival,coxian,Coxian,2,9,1.0,1.0,10.548068122817838,5.5003234594223605,57.961430113422885
622,service,hyper_general,Hyper General,1,96,0.8995193178039886,0.8995193178039891,8.05242891122431,21.26370298601488,965.5085995606025
623,arrival,hyper_general,Hyper General,2,59,1.0,0.9999999999999952,4.660158269602827,14.343884702543276,462.000808141833
623,service,hyper_erlang,Hyper Erlang,1,62,0.5168182269571637,0.5168182269571637,4.497704379237087,3.3344320960596674,19.585263909388658
624,arrival,hyper_erlang,Hyper Erlang,1,77,1.0,1.0,1.5394962100869019,0.9462153905065078,2.8431112627130326
624,service,coxian,Coxian,1,14,0.8141251942402712,0.8141251942402713,3.481630371472469,4.482137691374085,39.36388754326931
625,arrival,coxian,Coxian,1,84,1.0,1.0,2.1105389286351977,3.501784238034804,20.536881703563107
625,service,hyper_general,Hyper General,1,16,0.7982297276382968,0.7982297276382969,5.1267246369199215,101.23168489727843,16914.28973242059
626,arrival,hyper_general,Hyper General,2,14,1.0,0.9999999999999999,1.2361149292105171,2.356392222210422,13.275415158344563
626,service,hyper_erlang,Hyper Erlang,1,34,0.695759641842616,0.695759641842616,0.6132715185510568,-0.05908533649557769,1.7653141295917327
627,arrival,hyper_erlang,Hyper Erlang,1,89,1.0,1.0,3.5513999517013026,5.6150398020157235,97.66335465857279
627,service,coxian,Coxian,1,62,0.6221967191704415,0.6221967191704415,11.85736759810874,5.7378505917574465,46.90182141975377
628,arrival,coxian,Coxian,1,61,1.0,0.9999999999999999,1.416045910676436,2.755616549667052,14.64253565414653
628,service,hyper_general,Hyper General,1,57,0.6906016138781133,0.6906016138781125,4.854212030462332,10.304757930559473,232.17158741420565
629,arrival,hyper_general,Hyper General,1,56,1.0,0.9999999999999997,3.971468319250608,19.39986361971612,808.2560671024193
629,service,hyper_erlang,Hyper Erlang,1,25,0.9093649292865529,0.9093649292865529,12.12320147396869,8.34822237373988,115.14518562569901
630,arrival,hyper_erlang,Hyper Erlang,1,64,1.0,1.0,1.4875130252630564,3.3838221707116927,88.9298199527758
630,service,coxian,Coxian,1,93,0.927418321194083,0.927418321194083,0.8553007829621049,1.8746000634928826,8.333177379775782
631,arrival,coxian,Coxian,1,65,1.0,1.0,14.477513417665383,5.9557443113016,50.43646803953389
631,service,hyper_general,Hyper General,2,100,0.5221201061206275,0.5221201061206262,10.021165012993613,62.192782914507106,27674.496926788834
632,arrival,hyper_general,Hyper General,1,80,1.0,1.0,6.032051867836033,20.810065821923533,1542.0870955621865
632,service,hyper_erlang,Hyper Erlang,1,8,0.7460633772360798,0.7460633772360798,8.664355030243383,5.255380429506425,40.426386632829086
633,arrival,hyper_erlang,Hyper Erlang,1,86,1.0,1.0,4.8922982089618,2.1175738384357703,6.356694830418939
633,service,coxian,Coxian,1,82,0.8025568843896065,0.8025568843896066,6.642018287081058,4.338556562350825,28.250369351448427
634,arrival,coxian,Coxian,1,85,1.0,1.0000000000000002,0.7884664184569671,1.6508675272167441,7.093456860809082
634,service,hyper_general,Hyper General,1,92,0.564613918049075,0.5646139180490749,12.274427866236888,107.27164418065809,19401.200006516272
635,arrival,hyper_general,Hyper General,2,36,1.0,1.0000000000000002,4.699114948969889,125.00604975860409,63216.52675528734
635,service,hyper_erlang,Hyper Erlang,1,73,0.8058908628204251,0.8058908628204248,2.9114871192610163,11.701117471162878,178.2211262741147
636,arrival,hyper_erlang,Hyper Erlang,1,55,1.0,0.9999999999999999,0.03708580467973178,4.060475727138051,48.03943301062884
636,service,coxian,Coxian,1,30,0.5171201808295915,0.5171201808295915,1.023304502258121,2.138399590451928,10.890676525233383
637,arrival,coxian,Coxian,1,54,1.0,1.0,1.0477385793076741,2.1020036423329564,9.953622851419283
637,service,hyper_general,Hyper General,2,47,0.7245187800198878,0.7245187800198867,16.057198221958146,8.089364510720584,97.55376815195172
638,arrival,hyper_general,Hyper General,1,6,1.0,1.0,1.0004061461485971,2.0032810939516223,9.06139862504816
638,service,hyper_erlang,Hyper Erlang,1,5,0.8280728076473025,0.8280728076473026,1.2240186345742605,2.079107816570147,9.444896468766101
639,arrival,hyper_erlang,Hyper Erlang,1,63,1.0,1.0,3.6543368255185777,5.287731903147526,33.758442966196284
639,service,coxian,Coxian,1,91,0.8521632798712588,0.8521632798712588,0.7776417978089711,2.046738347146209,22.787835142140473
640,arrival,coxian,Coxian,3,78,1.0,1.0,4.204046305925309,9.788446300153947,148.20985225476122
640,service,hyper_general,Hyper General,1,15,0.5373311675737589,0.5373311675737589,1.1969013088421794,4.14178779471278,158.3399395931345
641,arrival,hyper_general,Hyper General,1,86,1.0,1.0000000000000007,4.005953572926975,194.4340510201095,79032.04311702074
641,service,hyper_erlang,Hyper Erlang,1,21,0.692265509311907,0.692265509311907,0.7735263984927214,2.077977861112029,10.447349505648159
642,arrival,hyper_erlang,Hyper Erlang,2,41,1.0,1.0000000000000004,10.931859227088461,13.883590422507368,299.8333658307697
642,service,coxian,Coxian,1,9,0.8139601865631194,0.8139601865631196,1.456939022959893,185.0217126066274,143130.44978427675
643,arrival,coxian,Coxian,1,95,1.0,1.0000000000000002,14.095381112079641,6.263191188724538,55.41249800847289
643,service,hyper_general,Hyper General,1,11,0.9133560117916639,0.9133560117916639,1.0298930224515357,4.606118152683575,354.75010049490214
644,arrival,hyper_general,Hyper General,1,65,1.0,0.9999999999999994,3.3003414329369916,4.842810795520801,46.2867957295074
644,service,hyper_erlang,Hyper Erlang,1,90,0.5881992814717357,0.5881992814717358,18.033434324767377,13.154714497303434,224.83160095802722
645,arrival,hyper_erlang,Hyper Erlang,1,56,1.0,0.9999999999999999,11.153453449401079,7.591930379157809,80.15527790565235
645,service,coxian,Coxian,2,22,0.5341369411602376,0.5341369411602376,9.28338176274346,4.590652361838963,31.205962265333667
646,arrival,coxian,Coxian,2,35,1.0,1.0,0.9839971863518646,1.996390660609801,8.984352619650346
646,service,hyper_general,Hyper General,1,62,0.5875210677458107,0.5875210677458117,2.482187616436672,6.983899977963768,137.29008522459415
647,arrival,hyper_general,Hyper General,1,5,1.0,1.0,6.523764556244299,7.022777588027397,72.57702121680406
647,service,hyper_erlang,Hyper Erlang,1,49,0.8085241937145624,0.8085241937145624,7.961839684417748,4.667984676573092,29.99641128210363
648,arrival,hyper_erlang,Hyper Erlang,1,76,1.0,1.0,3.228037916252391,2.115449937484157,7.630735649083979
648,service,coxian,Coxian,1,19,0.8701998338336422,0.8701998338336422,4.123278324254186,22.68699325389486,12971.454697158346
649,arrival,coxian,Coxian,1,12,1.0,1.0,12.468799527098883,5.352645486096442,41.27995818325228
649,service,hyper_general,Hyper General,1,6,0.9201238931070168,0.9201238931070169,1.0004922737109825,2.0224417531262224,10.523989383439462
650,arrival,hyper_general,Hyper General,1,18,1.0,1.0000000000000002,1.003609315554821,1.9983934080138672,8.9917483438388
650,service,hyper_erlang,Hyper Erlang,1,28,0.6799394754249618,0.6799394754249619,3.5185999410663396,2.800763747611051,13.372130783815354
651,arrival,hyper_erlang,Hyper Erlang,1,57,1.0,1.0,1.185962795956014,0.3812328114257056,1.5467267654634242
651,service,coxian,Coxian,2,9,0.7752678545924003,0.7752678545924001,3.6953693948270776,3.645835135742873,20.9867147452245
652,arrival,coxian,Coxian,1,94,1.0,1.0,1.0387465349040101,2.00979992052665,9.041727987831825
652,service,hyper_general,Hyper General,1,55,0.7239759877337906,0.7239759877337903,7.193711498885633,5.832508343522386,59.89863332873284
653,arrival,hyper_general,Hyper General,1,9,1.0,1.0,1.2034853716296854,2.396053657124167,12.633562542385334
653,service,hyper_erlang,Hyper Erlang,1,15,0.720885256884628,0.720885256884628,0.8856137227097777,1.1386899775435837,4.2129188127389074
654,arrival,hyper_erlang,Hyper Erlang,1,42,1.0,1.000000000000002,0.9322027406835858,164.87512830167512,36725.90025502483
654,service,coxian,Coxian,1,68,0.7604472078472257,0.7604472078472256,0.9864520071274601,1.9991485215101867,8.996495641343424
655,arrival,coxian,Coxian,1,58,1.0,1.0,0.9999924267364666,1.9999771320641297,8.999819677715626
655,service,hyper_general,Hyper General,1,90,0.5831403790305821,0.5831403790305821,14.709570270122088,168.08596510907896,59243.42877148301
656,arrival,hyper_general,Hyper General,1,91,1.0,1.0000000000000002,14.25395107690065,10.330251944799713,165.95174340606485
656,service,hyper_erlang,Hyper Erlang,1,25,0.7002939552556041,0.7002939552556041,4.240504413487325,4.373658136391332,32.37051947587635
657,arrival,hyper_erlang,Hyper Erlang,1,86,1.0,1.0,2.2737217662038613,2.5304688714072885,12.527206328233163
657,service,coxian,Coxian,1,24,0.6625572371733084,0.6625572371733084,0.8534426118002466,2.089095875218285,12.733982293259333
658,arrival,coxian,Coxian,1,70,1.0,1.0,2.3904646738409925,2.6613248104686806,12.808571670634349
658,service,hyper_general,Hyper General,1,10,0.6395354915559908,0.6395354915559908,0.9997873090733025,1.9999853462432249,8.999971327310057
659,arrival,hyper_general,Hyper General,1,27,1.0,1.0,11.391407899956924,23.297303249450227,836.8289596362931
659,service,hyper_erlang,Hyper Erlang,1,96,0.8583440176508312,0.8583440176508313,2.043578204494717,18.8531244847584,1011.4034639706397
660,arrival,hyper_erlang,Hyper Erlang,1,78,1.0,1.0000000000000002,13.25753485175473,3.7101407481009754,16.046115534168006
660,service,coxian,Coxian,1,45,0.6109192782964069,0.6109192782964072,3.155135761434161,2.8931268677039585,14.432514231631462
661,arrival,coxian,Coxian,1,46,1.0,1.0,10.267712312934407,30.094305479520557,1255.3496519351756
661,service,hyper_general,Hyper General,1,74,0.8806729671110128,0.8806729671110176,2.153439315680787,3.1113739111509866,22.1986665175068
662,arrival,hyper_general,Hyper General,1,49,1.0,1.0000000000000002,10.051478949927882,602.7606539247952,771433.7150327198
662,service,hyper_erlang,Hyper Erlang,1,11,0.5511929419565733,0.5511929419565733,5.531027364213349,3.7217609481613287,21.992050832314558
663,arrival,hyper_erlang,Hyper Erlang,1,7,1.0,1.0,1.6757985696838449,2.208357126349952,10.00887720604014
663,service,coxian,Coxian,1,22,0.6325023570386479,0.6325023570386479,0.7988695057821986,1.6342313542058111,6.821518532737657
664,arrival,coxian,Coxian,1,6,1.0,1.0,0.9406817657114863,1.9170468825831017,8.522431636038451
664,service,hyper_general,Hyper General,1,55,0.582465576261576,0.5824655762615746,12.48247340134243,44.94833056362621,5303.032812020422
665,arrival,hyper_general,Hyper General,1,67,1.0,0.9999999999999998,2.9410275455027115,21.025762849839953,1227.5235377178817
665,service,hyper_erlang,Hyper Erlang,1,6,0.8779877219708423,0.8779877219708423,0.9648444874155858,1.9149785626649944,8.398189994642888
666,arrival,hyper_erlang,Hyper Erlang,1,42,1.0,1.0000000000000002,17.358640401760805,4.763388794059349,24.910089240361295
666,service,coxian,Coxian,2,66,0.8107325301905977,0.8107325301905977,1.186032200468761,24.02212047854247,2569.8543486314147
667,arrival,coxian,Coxian,1,14,1.0,1.0,1.3025241050084913,19.03918811304303,1189.7280156302127
667,service,hyper_general,Hyper General,2,67,0.7517614050380297,0.7517614050380298,5.954354679483608,129.31174197662455,29477.82251211033
668,arrival,hyper_general,Hyper General,1,54,1.0,1.0000000000000009,7.935405024577557,47.601284222093454,10241.740332640444
668,service,hyper_erlang,Hyper Erlang,1,39,0.5402887556305149,0.5402887556305153,1.8836666614290822,0.8820109670905986,2.1194920472624212
669,arrival,hyper_erlang,Hyper Erlang,1,19,1.0,1.0,10.461040341647042,5.312706042738795,41.550008325215416
669,service,coxian,Coxian,1,26,0.7823955801052196,0.7823955801052196,8.850481512138343,5.308060831093788,41.117616086887395
670,arrival,coxian,Coxian,1,95,1.0,1.0,2.3181044307347167,2.535606836788319,11.950270191038346
670,service,hyper_general,Hyper General,1,82,0.7142616645670223,0.714261664567024,6.718021000250024,9.728991328357797,155.84461569937568
671,arrival,hyper_general,Hyper General,1,38,1.0,1.0000000000000002,8.981616884447757,7.215117177150449,77.70971784611883
671,service,hyper_erlang,Hyper Erlang,1,89,0.5586953352673841,0.5586953352673836,0.2464304025479068,-1.0152809936296037,2.9623016589280136
672,arrival,hyper_erlang,Hyper Erlang,2,47,1.0,1.0,2.338490804520201,1.735201624973288,5.280248564471426
672,service,coxian,Coxian,1,67,0.7818331422959763,0.7818331422959763,0.6449588582621216,1.4908588381886823,6.288351823950994
673,arrival,coxian,Coxian,1,24,1.0,1.0000000000000002,11.567328970666855,7.208211316468077,73.26913820628252
673,service,hyper_general,Hyper General,4,52,0.8768078458116226,0.8768078458116226,3.931023374456109,20.006781856288097,721.015285173504
674,arrival,hyper_general,Hyper General,2,44,1.0,1.0000000000000002,16.681151637339642,23.92784284759248,876.6948303698322
674,service,hyper_erlang,Hyper Erlang,1,2,0.6910796423057116,0.6910796423057117,1.458868459295472,3.6917212010558504,27.945411657393837
675,arrival,hyper_erlang,Hyper Erlang,1,98,1.0,1.0,0.07627977922250406,-1.596643988698095,4.798924833234106
675,service,coxian,Coxian,1,98,0.9114580656865612,0.9114580656865612,2.249378317691787,2.4734655775615573,11.532755015904135
676,arrival,coxian,Coxian,1,19,1.0,1.0,1.170389140006272,67.15977223093036,39118.44225636387
676,service,hyper_general,Hyper General,1,12,0.8180050600002096,0.8180050600002094,1.0739848063469681,2.943111292863326,32.69931722067729
677,arrival,hyper_general,Hyper General,2,47,1.0,1.0000000000000002,5.346824235156254,12.106631153165612,310.25288511159226
677,service,hyper_erlang,Hyper Erlang,2,38,0.79600518790867,0.7960051879086701,3.8096323336995144,4.4928386642577784,32.492762675047075
678,arrival,hyper_erlang,Hyper Erlang,1,65,1.0,0.9999999999999999,16.275407638967277,11.102178474945545,154.3326414656715
678,service,coxian,Coxian,1,19,0.8233129990517694,0.8233129990517691,9.1874729669771,4.365781006664663,77.4732192472605
679,arrival,coxian,Coxian,2,65,1.0,1.0,0.9999999924082259,1.9999999810128921,8.999999861410787
679,service,hyper_general,Hyper General,1,15,0.7908682172878725,0.7908682172878724,3.0074232352696226,16.842205613479543,1730.8221693202136
680,arrival,hyper_general,Hyper General,1,43,1.0,0.9999999999999997,2.930035236361065,4.979450838242744,48.304276164840985
680,service,hyper_erlang,Hyper Erlang,2,13,0.7328186047591578,0.7328186047591582,14.332323999163394,5.8976501271693476,46.68536403222898
681,arrival,hyper_erlang,Hyper Erlang,1,12,1.0,1.0,14.844936106645143,5.884385791869684,49.237307785762646
681,service,coxian,Coxian,1,55,0.6226453683957003,0.6226453683957003,1.1339638659794302,16.001265139788178,1845.184842527765
682,arrival,coxian,Coxian,2,32,1.0,1.0,2.431457245704261,11.409261953741991,340.13981005280607
682,service,hyper_general,Hyper General,1,35,0.9356507083380448,0.9356507083380448,11.917240091326242,6.974574077033358,169.03594640443237
683,arrival,hyper_general,Hyper General,1,73,1.0,1.0,10.26501367677119,28.57016453117714,1367.2212740917166
683,service,hyper_erlang,Hyper Erlang,1,42,0.8665246557225385,0.8665246557225387,8.055406543170115,7.350738873699239,98.01275739536192
684,arrival,hyper_erlang,Hyper Erlang,1,60,1.0,1.0,0.3955727898995265,-0.2756305419479158,2.130529835948492
684,service,coxian,Coxian,1,17,0.5383903036254479,0.5383903036254479,15.527523094856836,7.228569459054071,73.53702038644607
685,arrival,coxian,Coxian,1,70,1.0,1.0,0.840359345936045,2.675543551248346,112.77208668102169
685,service,hyper_general,Hyper General,1,17,0.9221834527619142,0.9221834527619142,1.8421877088115273,13.877748170475773,505.2907742778489
686,arrival,hyper_general,Hyper General,1,32,1.0,1.0,9.259857699870041,10.896814540686893,315.8289953761195
686,service,hyper_erlang,Hyper Erlang,1,50,0.908548394699858,0.908548394699858,2.811218484387224,1.569712495947529,4.295607783236131
687,arrival,hyper_erlang,Hyper Erlang,1,88,1.0,0.9999999999999999,5.263367918780875,4.8336310856372,44.48071390918577
687,service,coxian,Coxian,2,67,0.9426020210098863,0.9426020210098864,3.7975727177565757,11.869514709658883,335.8973490797294
688,arrival,coxian,Coxian,1,3,1.0,1.0,0.8688395792435728,1.981865737613872,8.924486875425368
688,service,hyper_general,Hyper General,1,9,0.7003598197203507,0.7003598197203507,0.9999822912641286,1.9999989724009493,8.9999958253934
689,arrival,hyper_general,Hyper General,1,25,1.0,1.0,3.6387984985068993,15.95176154173253,484.3083469477415
689,service,hyper_erlang,Hyper Erlang,1,48,0.8052254186478425,0.8052254186478425,2.3817215355083046,2.560925318310322,11.45458796252262
690,arrival,hyper_erlang,Hyper Erlang,1,77,1.0,1.0000000000000002,6.367913540940015,5.376780607185375,35.58634335314877
690,service,coxian,Coxian,1,87,0.8472684021805916,0.8472684021805916,0.7878026524163931,1.6358012397919517,6.8784494645144285
691,arrival,coxian,Coxian,2,83,1.0,1.0,1.071310034239294,2.546841792348349,17.51149657740652
691,service,hyper_general,Hyper General,1,43,0.6057813001163099,0.60578130011631,8.945089340679658,5.382820467046144,88.72204106229768
692,arrival,hyper_general,Hyper General,3,70,1.0,0.9999999999999933,2.7851019159679944,19.969182223346582,3087.1654632626296
692,service,hyper_erlang,Hyper Erlang,1,29,0.6138949991061952,0.6138949991061952,10.861871054420485,5.878805070724627,50.42939681929715
693,arrival,hyper_erlang,Hyper Erlang,1,49,1.0,1.0,2.4375500261390743,1.7635604799112823,5.618768168738212
693,service,coxian,Coxian,1,58,0.755713125710206,0.7557131257102059,1.1391989577276387,3.327526637827394,37.536311029397304
694,arrival,coxian,Coxian,2,6,1.0,1.0,0.8862826736098608,1.9755017645282829,8.894818733179868
694,service,hyper_general,Hyper General,2,7,0.7640077951880311,0.7640077951880312,1.1301307827153768,2.1181960325086773,9.912596628567918
695,arrival,hyper_general,Hyper General,1,61,1.0,1.0,1.905004697181707,18.500458535830475,1358.4366103892019
695,service,hyper_erlang,Hyper Erlang,1,35,0.8416057646570636,0.8416057646570638,0.6848201299851349,0.156664566088271,1.9362131847049917
696,arrival,hyper_erlang,Hyper Erlang,1,8,1.0,1.0,0.34989697174198,0.4535662675455031,3.3345172699717187
696,service,coxian,Coxian,1,90,0.5623046631770684,0.5623046631770683,6.018011432548836,5.530725163974172,50.351579077798526
697,arrival,coxian,Coxian,1,8,1.0,1.0,0.9996469912359156,1.9999995696522197,8.999998136271483
697,service,hyper_general,Hyper General,1,61,0.6635494188896004,0.6635494188896003,2.0078427827411005,5.388418364758025,122.88884213570606
698,arrival,hyper_general,Hyper General,1,55,1.0,1.0,3.1642249750214777,110.20394012635846,24349.655487122756
698,service,hyper_erlang,Hyper Erlang,1,13,0.7866914939825878,0.7866914939825879,10.004156448738312,8.790340295129521,123.68740231646437
699,arrival,hyper_erlang,Hyper Erlang,1,46,1.0,1.0000000000000002,19.08211088843469,5.855314431208616,41.28061985875196
699,service,coxian,Coxian,1,44,0.5684019488412292,0.5684019488412291,0.9999121108528883,2.000021533231925,9.00024684737817
700,arrival,coxian,Coxian,1,55,1.0,1.0,12.594792368830342,9.50877704793626,130.95633050122876
700,service,hyper_general,Hyper General,1,9,0.6086402972317663,0.6086402972317662,2.6902987556856806,30.575926234158946,1913.3918779549315
701,arrival,hyper_general,Hyper General,1,39,1.0,1.0,8.134075245685345,56.6167461559478,6147.451846742334
701,service,hyper_erlang,Hyper Erlang,1,88,0.8380916250473571,0.8380916250473572,2.9714285444539796,1.8500040183199364,5.984720860275366
702,arrival,hyper_erlang,Hyper Erlang,1,91,1.0,1.0,4.569319839693102,3.121147993493759,13.961202873908334
702,service,coxian,Coxian,1,42,0.5838243196066517,0.5838243196066518,0.7892463117425322,1.9498656728403614,8.782537205531542
703,arrival,coxian,Coxian,1,75,1.0,1.0,6.83581529425264,26.764177760890746,1139.6715712179694
703,service,hyper_general,Hyper General,1,62,0.7813815712287663,0.781381571228767,5.246430718789579,3.725084897088154,29.911482594053417
704,arrival,hyper_general,Hyper General,3,81,1.0,1.0000000000000007,5.775176893291353,13.574062673979633,354.40456921144306
704,service,hyper_erlang,Hyper Erlang,1,97,0.5008521407693838,0.5008521407693838,6.049618427317562,6.619510026012163,90.17178917229559
705,arrival,hyper_erlang,Hyper Erlang,2,44,1.0,1.0000000000000002,6.442286843865255,6.174522600098959,51.59466989427381
705,service,coxian,Coxian,2,19,0.7727457144906819,0.772745714490682,0.9975760540446565,1.9998475497653645,8.999374250492615
706,arrival,coxian,Coxian,2,38,1.0,1.0,0.9488264076714006,1.99458520626153,8.978244013452374
706,service,hyper_general,Hyper General,1,79,0.6932903055803137,0.6932903055803137,1.7373784389080689,84.37332003013209,27066.572553154707
707,arrival,hyper_general,Hyper General,1,37,1.0,1.0000000000000004,11.713296645748258,67.69497555566949,12790.678740760202
707,service,hyper_erlang,Hyper Erlang,1,79,0.8315461476567723,0.8315461476567724,5.636366836702026,2.2649456473632057,6.855489517298339
708,arrival,hyper_erlang,Hyper Erlang,1,87,1.0,0.9999999999999999,3.127970028433924,4.565711808906837,29.684631353731078
708,service,coxian,Coxian,1,86,0.5814560897709052,0.5814560897709051,0.8101089854839947,1.7587103073175083,7.585331981408087
709,arrival,coxian,Coxian,3,82,1.0,1.0,8.591080516882194,283.89674444955676,115546.91392570868
709,service,hyper_general,Hyper General,1,49,0.7295786569849063,0.7295786569849064,3.593626363238874,40.652325588436454,3138.8177964746956
710,arrival,hyper_general,Hyper General,1,44,1.0,1.0,2.842958036408785,10.952915293660473,316.8269742666585
710,service,hyper_erlang,Hyper Erlang,1,78,0.8013096739785479,0.8013096739785475,10.568328040728328,4.236637799219802,23.082052179840527
711,arrival,hyper_erlang,Hyper Erlang,1,9,1.0,1.0,2.0261792543203274,3.731592637604538,33.34174238682393
711,service,coxian,Coxian,1,25,0.8817030888166932,0.8817030888166932,0.9251349481676124,1.9637211010042426,8.767153759088114
712,arrival,coxian,Coxian,1,31,1.0,1.0,0.8928698674351672,30.36339182155795,12434.7553467379
712,service,hyper_general,Hyper General,2,71,0.6261895324938682,0.6261895324938687,5.057115560872976,3.983051049672229,36.7108378601756
713,arrival,hyper_general,Hyper General,1,80,1.0,1.0000000000000049,2.509168166978687,3.728533826674046,30.01729296649459
713,service,hyper_erlang,Hyper Erlang,1,73,0.7625425967355,0.7625425967354998,3.5180095556044053,2.4520492933571196,8.87968124551127
714,arrival,hyper_erlang,Hyper Erlang,1,9,1.0,0.9999999999999998,2.9276727903886646,5.320441676698408,43.689323062356706
714,service,coxian,Coxian,1,14,0.881415709002233,0.8814157090022332,12.281863899398406,12.842872489879907,226.70994710267172
715,arrival,coxian,Coxian,1,98,1.0,1.0,0.4780241975715527,1.4278398692493117,6.159905946514395
715,service,hyper_general,Hyper General,2,70,0.6818195615054208,0.6818195615054189,9.161860613158243,21.958020365225984,849.0788019125083
716,arrival,hyper_general,Hyper General,1,73,1.0,0.9999999999999964,12.686912373550086,14.498720949956876,365.71177007446033
716,service,hyper_erlang,Hyper Erlang,1,74,0.6160596252338739,0.6160596252338738,3.8265857179203424,2.6055657141451696,10.850632862223256
717,arrival,hyper_erlang,Hyper Erlang,1,77,1.0,1.0,11.827379122414106,4.481858895974065,25.499235244764456
717,service,coxian,Coxian,1,87,0.6284918393564976,0.6284918393564974,7.597026814239997,12.380176230588194,361.6722862298936
718,arrival,coxian,Coxian,1,35,1.0,1.0,1.7681396970768977,5.4524445006379105,62.21327939302055
718,service,hyper_general,Hyper General,3,38,0.5565793391603688,0.5565793391603688,2.819770495814353,35.98795571935204,45695.28211974297
719,arrival,hyper_general,Hyper General,1,58,1.0,0.9999999999999998,1.6266413125743846,27.17555448984029,7327.059341327506
719,service,hyper_erlang,Hyper Erlang,1,3,0.7730064057087378,0.7730064057087378,1.0822579589935486,2.005165916076395,9.02126664153797
720,arrival,hyper_erlang,Hyper Erlang,1,19,1.0,1.0,5.03584735161578,2.7046499066097107,11.037684947971327
720,service,coxian,Coxian,1,83,0.518294851542067,0.518294851542067,1.0273987273918896,3.0400997747032914,23.137027229754356
721,arrival,coxian,Coxian,1,39,1.0,0.9999999999999998,1.5497722555970423,10.204694014981342,201.6463530245638
721,service,hyper_general,Hyper General,1,85,0.6793967687366473,0.6793967687366455,18.26304437149401,7.470467225735031,79.5347674341846
722,arrival,hyper_general,Hyper General,1,26,1.0,0.9999999999999876,3.7459899461038946,47.250887564922536,4066.9654449115656
722,service,hyper_erlang,Hyper Erlang,1,19,0.8723886271203931,0.8723886271203932,0.5208620998046906,1.5076410157571445,6.297268222725381
723,arrival,hyper_erlang,Hyper Erlang,1,33,1.0,0.9999999999999998,3.741442338131358,2.307777042521594,9.06996365668244
723,service,coxian,Coxian,1,96,0.7959860846650195,0.7959860846650194,1.0347689761031864,4.256072925920531,219.88328387581817
724,arrival,coxian,Coxian,1,29,1.0,1.0,1.5872753001758855,3.659891524142979,24.619216389239647
724,service,hyper_general,Hyper General,2,31,0.8755260412016368,0.8755260412016369,2.763526213519818,44.24616737596962,10913.741836457499
725,arrival,hyper_general,Hyper General,1,79,1.0,1.0000000000000002,3.7266164969118045,132.27726207337815,338008.34910217347
725,service,hyper_erlang,Hyper Erlang,1,39,0.5117893066840875,0.5117893066840875,5.496477196418566,5.292372748951364,46.25796834010686
726,arrival,hyper_erlang,Hyper Erlang,1,33,1.0,1.0,0.7758736759547342,0.1239344577599618,1.7145578133892903
726,service,coxian,Coxian,1,28,0.6824767989427216,0.6824767989427216,1.5239688748870859,3.1441442404785125,17.61861757082682
727,arrival,coxian,Coxian,3,56,1.0,1.0000000000000002,0.7212115720788045,1.8900358489202347,8.50509594864404
727,service,hyper_general,Hyper General,1,48,0.8217924785495798,0.8217924785495798,14.028868029207253,10.866553371152694,170.10202448001922
728,arrival,hyper_general,Hyper General,1,7,1.0,1.0,4.780089760572182,7.62424213566438,87.5963325622413
728,service,hyper_erlang,Hyper Erlang,1,85,0.8261544183514922,0.8261544183514923,5.85874191395792,7.637291001287728,89.24598724654541
729,arrival,hyper_erlang,Hyper Erlang,1,88,1.0,0.9999999999999999,5.311023261156432,2.6084842051267687,8.929917278872061
729,service,coxian,Coxian,1,24,0.5853428194146939,0.5853428194146938,19.80434602231728,6.718408762290288,63.24196732979223
730,arrival,coxian,Coxian,1,16,1.0,1.0,1.5434580057259142,2.7752658103031687,14.236560835200693
730,service,hyper_general,Hyper General,1,14,0.7065465022262223,0.7065465022262223,1.1201193648972916,2.575303548659321,16.23527452964323
731,arrival,hyper_general,Hyper General,1,11,1.0,1.0,1.0,2.0,9.0
731,service,hyper_erlang,Hyper Erlang,1,74,0.7100030433172554,0.7100030433172554,8.978592836742218,8.605181085470972,165.86652300473435
732,arrival,hyper_erlang,Hyper Erlang,1,77,1.0,0.9999999999999999,17.320200941518813,6.405019397569545,52.85018974252687
732,service,coxian,Coxian,1,27,0.6807511899086272,0.6807511899086273,8.125544063678712,4.4140861568598755,29.095736663225818
733,arrival,coxian,Coxian,1,35,1.0,1.0,4.622546455220681,3.4628632842037472,19.189737454907856
733,service,hyper_general,Hyper General,1,37,0.9113287746386054,0.9113287746386052,1.0932107142602319,2.2111803018305576,11.224497254586394
734,arrival,hyper_general,Hyper General,1,71,1.0,1.0000000000000007,4.241222031972516,5.285938623915143,51.0009026277252
734,service,hyper_erlang,Hyper Erlang,1,70,0.8741985586007233,0.874198558600723,1.8342888485801432,3.8149048406298687,22.327557053045933
735,arrival,hyper_erlang,Hyper Erlang,1,56,1.0,1.0000000000000002,11.000837433105671,13.123329106755111,375.1732249689837
735,service,coxian,Coxian,1,2,0.7837172564396657,0.7837172564396658,0.9854450605601082,1.9985153551348576,8.993861592067917
736,arrival,coxian,Coxian,1,8,1.0,1.0,0.8029330410613977,1.9713463395348607,8.879041745095142
736,service,hyper_general,Hyper General,1,54,0.6395713586455624,0.6395713586455627,17.388063682485353,8.31260909462868,100.06894178717151
737,arrival,hyper_general,Hyper General,1,71,1.0,1.0,4.5938024665286985,13.438827286301146,482.5445993593668
737,service,hyper_erlang,Hyper Erlang,1,19,0.8003784906579945,0.8003784906579946,14.213522289392829,9.173218132894185,124.18421947026751
738,arrival,hyper_erlang,Hyper Erlang,1,88,1.0,1.0000000000000002,2.719752059178193,1.5640347004703943,4.411649919905517
738,service,coxian,Coxian,1,35,0.9494364753790441,0.949436475379044,6.437999888790747,42.49594951224011,2788.912649808568
739,arrival,coxian,Coxian,2,57,1.0,0.9999999999999999,0.9902212301594775,3.603506770979653,36.186360067622296
739,service,hyper_general,Hyper General,1,43,0.6712553611755944,0.6712553611755934,5.668339844974027,202.32266716405616,209615.18537478228
740,arrival,hyper_general,Hyper General,1,37,1.0,1.0000000000000002,3.4646229114067957,9.531582295199714,201.51979055865323
740,service,hyper_erlang,Hyper Erlang,1,27,0.7868495113645624,0.7868495113645626,0.8470403505205242,1.722903354834964,7.274347219164574
741,arrival,hyper_erlang,Hyper Erlang,1,55,1.0,1.0,6.3615417882278456,6.485082885525257,69.1580741088819
741,service,coxian,Coxian,1,59,0.6688276332183448,0.6688276332183448,12.50142018421762,52.023081184524045,15858.737397228768
742,arrival,coxian,Coxian,1,82,1.0,1.0,1.8364013012272569,2.7196611852074786,13.65134948311345
742,service,hyper_general,Hyper General,1,100,0.6752672500082757,0.6752672500082725,3.7080593191008244,12.251561710765372,703.598198400583
743,arrival,hyper_general,Hyper General,1,25,1.0,1.0000000000000002,9.358760187836978,8.52621247558897,108.3235144353909
743,service,hyper_erlang,Hyper Erlang,1,67,0.8263086721116575,0.8263086721116573,4.860014204253109,2.078513508060119,6.118347860494557
744,arrival,hyper_erlang,Hyper Erlang,1,30,1.0,1.0,8.616882574187542,6.55137286250115,89.24809672675202
744,service,coxian,Coxian,1,23,0.899842965793199,0.8998429657931988,3.010322837364989,2.984824345347568,15.179799110407687
745,arrival,coxian,Coxian,1,5,1.0,1.0,1.0519561084692897,2.2677075081105804,12.008794283100302
745,service,hyper_general,Hyper General,1,94,0.8073111622875309,0.8073111622875335,19.85096488064693,8.467178241640529,103.51750151731571
746,arrival,hyper_general,Hyper General,2,33,1.0,1.0,1.4476763979160614,3.5996710090090676,44.266381177695266
746,service,hyper_erlang,Hyper Erlang,2,77,0.5438315600078559,0.543831560007856,1.1721132343441112,1.3075301722149317,18.98359022077813
747,arrival,hyper_erlang,Hyper Erlang,2,70,1.0,1.0,5.214816948399071,2.129875357942492,6.285138334395376
747,service,coxian,Coxian,1,50,0.9254374639476586,0.9254374639476587,5.262987457311927,3.965433481971183,28.059894151322016
748,arrival,coxian,Coxian,1,22,1.0,1.0,1.0097459084901472,1.6038732330592502,6.678384110976268
748,service,hyper_general,Hyper General,1,8,0.6821339983498139,0.6821339983498139,2.0579880795468504,11.609142782037553,344.0227225489207
749,arrival,hyper_general,Hyper General,1,15,1.0,1.0,10.951859205163293,25.32513358520692,1042.1430648514431
749,service,hyper_erlang,Hyper Erlang,1,54,0.6232771486159672,0.6232771486159673,0.8759200828993687,1.0709685191025449,10.257829689084822
750,arrival,hyper_erlang,Hyper Erlang,1,8,1.0,1.0,8.708826115080718,3.3808917410621766,15.312370047724933
750,service,coxian,Coxian,1,83,0.7372703227651904,0.7372703227651908,3.241746576995149,2.9070943398431193,14.546607381347986
751,arrival,coxian,Coxian,1,88,1.0,1.0,8.406723583937476,52.7704549221093,4533.567665340829
751,service,hyper_general,Hyper General,1,70,0.5402449547572535,0.5402449547572538,8.274972566160521,16.37127016219354,516.7432587362719
752,arrival,hyper_general,Hyper General,1,8,1.0,1.0000000000000002,1.431944465390876,4.030551473452791,38.2006103934729
752,service,hyper_erlang,Hyper Erlang,1,21,0.794412948951466,0.7944129489514659,1.7456803185999217,1.2618200557851886,4.153020116688332
753,arrival,hyper_erlang,Hyper Erlang,1,55,1.0,1.0,4.9126554825915045,2.825413114708879,11.677056344907994
753,service,coxian,Coxian,1,54,0.9396758985248814,0.9396758985248815,16.03128775332242,9.88706629547979,134.63531215917428
754,arrival,coxian,Coxian,1,29,1.0,1.0,1.7802907379672006,14.046614789646656,494.403497920963
754,service,hyper_general,Hyper General,1,20,0.871052729605011,0.871052729605011,2.4777816976314857,4.517977906529319,41.08320510398494
755,arrival,hyper_general,Hyper General,1,35,1.0,1.0,17.064219678668888,29.96753566813661,2477.581384701678
755,service,hyper_erlang,Hyper Erlang,1,69,0.7527092688613752,0.7527092688613756,14.593450923389987,11.169478374550321,203.33211380472352
756,arrival,hyper_erlang,Hyper Erlang,1,95,1.0,1.0,11.351604105428242,7.30168395496132,78.9015071474471
756,service,coxian,Coxian,1,65,0.6481204074909428,0.6481204074909429,0.679949361011963,1.8151458456599083,9.782512479407652
757,arrival,coxian,Coxian,1,73,1.0,1.0,0.9222623203463318,1.7997434525803706,7.791173183490368
757,service,hyper_general,Hyper General,3,50,0.759459156978554,0.7594591569785542,1.1477125738238967,62.952509257811215,38008.27467991469
758,arrival,hyper_general,Hyper General,2,31,1.0,1.0,18.63517350963492,9.74992049339092,139.3163497501916
758,service,hyper_erlang,Hyper Erlang,1,47,0.9488917584054086,0.9488917584054086,1.7958775390668185,1.1087523680810485,2.7344582206565953
759,arrival,hyper_erlang,Hyper Erlang,1,90,1.0,1.0,0.38446068364561925,-0.812526807575008,1.9247502413432567
759,service,coxian,Coxian,1,63,0.5909097392803699,0.5909097392803698,1.0877860660498528,1.8255006423542552,7.666692507884677
760,arrival,coxian,Coxian,2,94,1.0,1.0,5.72943432720345,32.505174867295175,9263.715862805268
760,service,hyper_general,Hyper General,1,80,0.80921278235025,0.8092127823502498,8.5091077264083,9.929435728096175,219.15411893411272
761,arrival,hyper_general,Hyper General,1,90,1.0,1.0,4.908893157314939,19.283336296219026,866.5874006732953
761,service,hyper_erlang,Hyper Erlang,1,17,0.559994029723316,0.559994029723316,0.8883596919153247,1.783088632519146,19.733904232602555
762,arrival,hyper_erlang,Hyper Erlang,1,39,1.0,1.0000000000000002,1.0977683871112918,1.4197025345787497,5.709167329335869
762,service,coxian,Coxian,1,14,0.7061573322087463,0.7061573322087462,0.6918185632207459,1.6668495734988868,10.912828130376568
763,arrival,coxian,Coxian,1,65,1.0,1.0000000000000002,1.3111273953444746,1.902474396688321,8.256904271530223
763,service,hyper_general,Hyper General,1,44,0.6457137674624776,0.6457137674624774,2.7107386116653776,16.503626587815294,800.8326907108034
764,arrival,hyper_general,Hyper General,1,34,1.0,1.0,2.2772960293219335,22.106134261608748,10695.887967290779
764,service,hyper_erlang,Hyper Erlang,1,14,0.8880034442756006,0.8880034442756009,11.303542028692346,5.927026166676411,46.94680016426881
765,arrival,hyper_erlang,Hyper Erlang,1,24,1.0,1.0000000000000002,2.320536919067677,4.039833534544383,30.025669471371373
765,service,coxian,Coxian,1,70,0.742774595439711,0.7427745954397111,2.425679577223439,35.95814621619688,2763.9122270462203
766,arrival,coxian,Coxian,1,3,1.0,1.0000000000000002,19.06996846419857,6.584998898960666,60.868273298662444
766,service,hyper_general,Hyper General,2,76,0.8350874916061835,0.8350874916061918,5.181588653198322,14.138980975092242,451.81482094597027
767,arrival,hyper_general,Hyper General,1,94,1.0,0.9999999999999952,18.543395619631475,8.268615602112002,98.96269326103189
767,service,hyper_erlang,Hyper Erlang,1,25,0.5836321427792348,0.5836321427792344,3.256436435857899,3.411529807330032,20.12486622358861
768,arrival,hyper_erlang,Hyper Erlang,1,60,1.0,1.0,3.7896428525194494,3.3520944014428222,20.12647624762532
768,service,coxian,Coxian,2,44,0.5449797625636912,0.5449797625636911,15.163799259699147,7.24750415810498,84.04065223988962
769,arrival,coxian,Coxian,1,50,1.0,1.0,3.581003539907565,2.916646345888398,14.613634607925492
769,service,hyper_general,Hyper General,2,75,0.5340025902612578,0.5340025902612577,12.482464276768244,15.435243452672994,560.6679615582516
770,arrival,hyper_general,Hyper General,1,97,1.0,1.0000000000000013,13.042547361304916,7.563695371233749,93.37051835225652
770,service,hyper_erlang,Hyper Erlang,2,43,0.8281979846054757,0.8281979846054758,3.2417118208833977,7.556171459819154,96.42835397779446
771,arrival,hyper_erlang,Hyper Erlang,1,95,1.0,1.0,2.1594406414314022,1.402986305003087,4.082707455167139
771,service,coxian,Coxian,1,30,0.7598753327062799,0.7598753327062797,1.0063258635245755,2.1150296039874457,11.92593409654872
772,arrival,coxian,Coxian,1,54,1.0,1.0,0.9999868874195497,1.9999991077910675,8.99999364551071
772,service,hyper_general,Hyper General,4,58,0.5698543873147581,0.569854387314758,4.241989140972184,39.71994900504958,10683.913360943336
773,arrival,hyper_general,Hyper General,2,12,1.0,1.0,1.005208959746502,2.0090463876821736,9.092566886370362
773,service,hyper_erlang,Hyper Erlang,1,94,0.5090911577452156,0.5090911577452161,12.616417594810612,7.025841286948965,70.32348076277887
774,arrival,hyper_erlang,Hyper Erlang,1,81,1.0,1.0,2.343000933662822,1.9756270252425832,7.316623009713105
774,service,coxian,Coxian,1,55,0.8186531123472087,0.8186531123472089,1.9630135813469822,2.258099802378664,10.251197187723042
775,arrival,coxian,Coxian,1,42,1.0,1.0,12.13587609882988,7.490462883531654,81.5183507075877
775,service,hyper_general,Hyper General,3,29,0.9437734235885127,0.9437734235885125,1.8475581601416966,5.1334116553099856,70.04741609140052
776,arrival,hyper_general,Hyper General,1,22,1.0,1.0000000000000004,1.6108436523416376,19.61825670184433,3539.9648913781525
776,service,hyper_erlang,Hyper Erlang,1,22,0.6865967392920598,0.6865967392920601,0.2528333939066055,0.28127719071878826,3.611171552826283
777,arrival,hyper_erlang,Hyper Erlang,1,95,1.0,1.0,17.92151877021942,294.33852805626515,134642.43641141994
777,service,coxian,Coxian,1,67,0.8314139676302448,0.8314139676302451,0.9185258895039635,1.981947349001484,8.922341382993963
778,arrival,coxian,Coxian,1,93,1.0,1.0,0.9832768613930156,1.9930352512872878,9.171770553522977
778,service,hyper_general,Hyper General,1,38,0.6387974627992825,0.6387974627992822,10.809904115647408,16.66995191245883,454.2550625482181
779,arrival,hyper_general,Hyper General,1,98,1.0,1.0,11.295845925365226,115.35378484594504,28510.881624918267
779,service,hyper_erlang,Hyper Erlang,1,69,0.8849641769254052,0.8849641769254052,0.03228929592143742,0.3572742253149602,3.197039128738113
780,arrival,hyper_erlang,Hyper Erlang,2,29,1.0,1.0,4.913479912245243,3.9484728993442864,25.008185350245444
780,service,coxian,Coxian,1,53,0.6117963952304598,0.6117963952304598,1.9876591593503403,2.8075305099960772,14.08527278272868
781,arrival,coxian,Coxian,1,78,1.0,1.0,13.36568957071697,32.295657892627965,2027.1050986729176
781,service,hyper_general,Hyper General,1,98,0.9297500171021207,0.9297500171021207,16.84823373663992,13.815467331830051,307.3682314721378
782,arrival,hyper_general,Hyper General,1,7,1.0,1.0,1.0000000000000004,1.9999999999999987,8.999999999999996
782,service,hyper_erlang,Hyper Erlang,1,85,0.5470178666770866,0.5470178666770867,3.7214772641921163,4.35243977162238,32.47197634858838
783,arrival,hyper_erlang,Hyper Erlang,1,67,1.0,0.9999999999999998,2.549849116602855,2.51958371489875,11.75194398115746
783,service,coxian,Coxian,1,74,0.8303892706639058,0.8303892706639058,1.8539032593943763,212.41101378059466,143063.0148167488
784,arrival,coxian,Coxian,1,54,1.0,1.0,1.3389765673790581,2.8142775559386313,15.846963624757986
784,service,hyper_general,Hyper General,2,92,0.9462816385003714,0.9462816385003713,2.2371780876210114,7.965744975413656,150.32669493436373
785,arrival,hyper_general,Hyper General,1,96,1.0,0.9999999999999982,2.264079919487936,109.8668141750944,65043.55248373789
785,service,hyper_erlang,Hyper Erlang,1,99,0.7456723432856351,0.7456723432856349,2.6667168823447915,1.4023931329640684,3.6575044155960983
786,arrival,hyper_erlang,Hyper Erlang,1,97,1.0,1.0,7.209642125615591,3.507976789201288,16.104898600596663
786,service,coxian,Coxian,1,55,0.5365473743487309,0.5365473743487309,4.541071025417608,3.4531814258294786,19.130400379008965
787,arrival,coxian,Coxian,1,18,1.0,1.0000000000000004,2.130100022546032,1.8855700745262878,7.99550898795458
787,service,hyper_general,Hyper General,1,81,0.7848388591883912,0.7848388591883907,5.217864946416507,24.209820026727915,1155.250165939367
788,arrival,hyper_general,Hyper General,1,19,1.0,1.0,5.409215607734117,13.928650229918096,344.22716570725663
788,service,hyper_erlang,Hyper Erlang,1,89,0.9160449716612573,0.916044971661257,0.31299962409751486,48.65771546490065,2594.603884151831
789,arrival,hyper_erlang,Hyper Erlang,1,31,1.0,1.0000000000000002,0.07334315714490233,-1.48165377273051,7.608664353418259
789,service,coxian,Coxian,2,39,0.7474656550791249,0.7474656550791248,3.598328066836081,16.475159202203937,452.5215965245228
790,arrival,coxian,Coxian,1,79,1.0,1.0,5.575363915978073,15.895102298325083,473.14149806984307
790,service,hyper_general,Hyper General,1,88,0.5759076030498,0.5759076030497965,15.924732281823033,8.944660411450876,114.58271728393656
791,arrival,hyper_general,Hyper General,1,90,1.0,0.9999999999999997,13.737112351204605,237.79620878808583,468962.2205249529
791,service,hyper_erlang,Hyper Erlang,1,43,0.8458290274179944,0.8458290274179946,0.9565161650131041,0.24507755974737808,1.606315518355395
792,arrival,hyper_erlang,Hyper Erlang,1,80,1.0,1.0,0.9145492723668882,3.965105977161347,36.27645574735529
792,service,coxian,Coxian,1,82,0.7063954362688147,0.7063954362688147,6.668299748313343,23.30809522708623,856.1559362201745
793,arrival,coxian,Coxian,1,21,1.0,1.0000000000000002,3.0137385648698904,2.6934102341334745,12.970972574410531
793,service,hyper_general,Hyper General,1,55,0.6597090720469662,0.6597090720469659,3.8667538038465614,13.355863849932181,305.6401980097712
794,arrival,hyper_general,Hyper General,1,41,1.0,0.9999999999999999,1.4243103735317306,130.66642650376014,126097.5784272733
794,service,hyper_erlang,Hyper Erlang,1,80,0.7887051129759084,0.7887051129759084,6.218952293664608,2.6303130384586293,9.46559781602359
795,arrival,hyper_erlang,Hyper Erlang,1,7,1.0,1.0,13.58727110128504,4.100321986631272,20.616006501070014
795,service,coxian,Coxian,1,24,0.8014832979836826,0.8014832979836828,0.768636757359851,1.963888938299115,8.922312792392216
796,arrival,coxian,Coxian,1,76,1.0,1.0,1.0796766040184078,2.1588772460265657,9.978878174948324
796,service,hyper_general,Hyper General,1,96,0.5710342640190063,0.5710342640190068,9.998840858158154,5.263250292849376,43.765900708446374
797,arrival,hyper_general,Hyper General,1,2,1.0,1.0,1.0,2.0,9.0
797,service,hyper_erlang,Hyper Erlang,1,4,0.6509766834058173,0.6509766834058174,4.864225004258971,3.757060041501661,22.037968434925457
798,arrival,hyper_erlang,Hyper Erlang,1,54,1.0,1.0,13.214010260227003,49.681255414426595,3322.3868782523646
798,service,coxian,Coxian,1,47,0.6478850836973745,0.6478850836973744,2.941632286732941,69.78796034248897,9570.74676336317
799,arrival,coxian,Coxian,1,21,1.0,1.0,4.612296891162065,3.564183266864424,19.70973998555402
799,service,hyper_general,Hyper General,1,30,0.6264247214204934,0.6264247214204934,8.058311671469207,47.49553131771671,3434.934817525372
800,arrival,hyper_general,Hyper General,1,5,1.0,1.0000000000000002,0.9999999999999996,1.9999999999999996,9.0
800,service,hyper_erlang,Hyper Erlang,1,76,0.7523154995265964,0.7523154995265966,0.6162283455953236,0.12041721417422155,1.6986734360774542
801,arrival,hyper_erlang,Hyper Erlang,1,55,1.0,1.0,6.459579804889007,6.472072148962872,60.92590548818324
801,service,coxian,Coxian,2,43,0.5687925566064731,0.568792556606473,2.5814129131458983,45.261747294371006,4478.480120481001
802,arrival,coxian,Coxian,1,37,1.0,1.0,1.527067015190792,3.162778028257671,23.942329935393076
802,service,hyper_general,Hyper General,1,84,0.8146262495859511,0.8146262495859515,6.987245413309832,6.844897319656763,83.0423963954839
803,arrival,hyper_general,Hyper General,1,72,1.0,1.0,6.326211477797075,20.36360972763404,1140.2935652573913
803,service,hyper_erlang,Hyper Erlang,2,14,0.6453635317455398,0.64536353174554,1.0750189977070364,3.324260754297274,20.466233535120374
804,arrival,hyper_erlang,Hyper Erlang,1,98,1.0,1.0,7.187169007663398,4.531108907851518,31.49010339440521
804,service,coxian,Coxian,2,96,0.8939597940323782,0.8939597940323784,0.9950993440846404,4.235209673545229,58.970220432251416
805,arrival,coxian,Coxian,1,6,1.0,1.0,1.9597848297074636,2.3192247941700437,10.620487708942811
805,service,hyper_general,Hyper General,1,38,0.5524686565837438,0.5524686565837437,10.691180448795416,13.91198559510772,343.7277055828119
806,arrival,hyper_general,Hyper General,3,19,1.0,1.0000000000000118,4.387526418862764,78.08823860062354,11170.954575959287
806,service,hyper_erlang,Hyper Erlang,1,99,0.6729628978477612,0.6729628978477612,4.6391010824204635,4.568911685961881,35.561482324467526
807,arrival,hyper_erlang,Hyper Erlang,1,31,1.0,1.0,3.99145414233044,5.117241959430116,40.37445106832151
807,service,coxian,Coxian,1,34,0.5920628049533933,0.5920628049533934,0.9979187204459393,2.0202024414776494,9.249555604915864
808,arrival,coxian,Coxian,1,79,1.0,1.0,3.2294563009194093,347.49439709763533,231912.34667150216
808,service,hyper_general,Hyper General,1,24,0.5661326825646076,0.5661326825646077,15.307230173019551,31.779272697315626,1558.0629327013307
809,arrival,hyper_general,Hyper General,4,71,1.0,1.0,3.4192302420073775,6.2185723605045435,91.95977488906541
809,service,hyper_erlang,Hyper Erlang,2,52,0.7542348338053364,0.7542348338053362,3.285393379819661,4.354749111989098,28.322070977155292
810,arrival,hyper_erlang,Hyper Erlang,1,22,1.0,1.0,8.75070352268455,4.702566111359327,28.500182760214813
810,service,coxian,Coxian,1,9,0.7915972902220298,0.79159729022203,0.7511460888289343,1.9257694177788975,8.67183905501268
811,arrival,coxian,Coxian,1,93,1.0,1.0,1.2608831938120768,3.4953383439593617,30.847487089422064
811,service,hyper_general,Hyper General,1,33,0.5208190780994293,0.5208190780994293,1.6664400591485096,5.579122109630287,131.87502137488596
812,arrival,hyper_general,Hyper General,2,23,1.0,1.0,1.0341008078813156,2.2560335891874175,16.312560330807905
812,service,hyper_erlang,Hyper Erlang,1,17,0.5576319231468262,0.5576319231468262,1.7256264386146394,3.2315390387882332,20.299625495449472
813,arrival,hyper_erlang,Hyper Erlang,1,28,1.0,1.0,18.416720467583513,7.016175128474888,71.65307994944556
813,service,coxian,Coxian,1,25,0.8655910102821478,0.865591010282148,1.0253137712791962,1.9980102295312445,8.991448941756135
814,arrival,coxian,Coxian,1,83,1.0,0.9999999999999999,1.865429331423565,2.693002938819902,17.70469045337078
814,service,hyper_general,Hyper General,2,72,0.7812767456394594,0.7812767456394593,4.648934334627633,4.411381285601509,34.87764003891264
815,arrival,hyper_general,Hyper General,1,3,1.0,1.0,1.003586547659987,2.0000101617832975,9.000040728321803
815,service,hyper_erlang,Hyper Erlang,1,62,0.7451751047186039,0.7451751047186035,3.896919752020856,3.4771306007671883,21.787739824282166
816,arrival,hyper_erlang,Hyper Erlang,1,47,1.0,0.9999999999999998,3.551206167311108,2.3403120077048523,8.90524606130181
816,service,coxian,Coxian,1,15,0.7371838916972425,0.7371838916972427,11.251826498548047,16.11726853188982,361.96281141094386
817,arrival,coxian,Coxian,1,86,1.0,0.9999999999999999,4.162567954754073,2.958364374356872,15.503228193936234
817,service,hyper_general,Hyper General,2,36,0.6052051364199692,0.605205136419969,5.429371749555101,218.4740426750546,159584.94782525636
818,arrival,hyper_general,Hyper General,1,80,1.0,0.999999999999996,11.734492698400329,5.628707075370531,46.115069930741406
818,service,hyper_erlang,Hyper Erlang,1,33,0.5088191237497113,0.5088191237497114,9.165376817768676,7.928104808555244,126.86044606242217
819,arrival,hyper_erlang,Hyper Erlang,1,64,1.0,1.0,0.23816941900308963,-1.0334234717715662,3.235207887720729
819,service,coxian,Coxian,1,5,0.9022169838342973,0.9022169838342972,1.0151221857177997,2.002489817735932,9.010517387212833
820,arrival,coxian,Coxian,1,7,1.0,1.0,0.9516190607186561,1.9980818115607732,8.992198447714841
820,service,hyper_general,Hyper General,1,19,0.752253252983182,0.7522532529831821,4.669179853748963,314.77373958564374,178385.0500678345
821,arrival,hyper_general,Hyper General,2,37,1.0,1.0,11.506807213180302,20.272493554659615,731.2873541535525
821,service,hyper_erlang,Hyper Erlang,1,59,0.8796621435081745,0.8796621435081748,18.955013750874915,9.8651420569805,135.59894947721673
822,arrival,hyper_erlang,Hyper Erlang,1,35,1.0,1.0,0.7187302896674101,0.35630260857385576,2.3139855218650593
822,service,coxian,Coxian,1,51,0.6250587745740781,0.6250587745740781,0.7001624900555208,1.5713431536315647,6.698808714180195
823,arrival,coxian,Coxian,1,13,1.0,1.0,1.3506258207755213,6.388445268770938,124.57690381621221
823,service,hyper_general,Hyper General,1,61,0.7669820466088009,0.7669820466088006,17.33374535740598,16.184127429592053,406.4983407876278
824,arrival,hyper_general,Hyper General,1,11,1.0,1.0,2.834281729080707,3.890336138557757,25.314526920317768
824,service,hyper_erlang,Hyper Erlang,1,44,0.5255495642351251,0.5255495642351253,4.408136603177975,4.3890980858989375,34.11639355025975
825,arrival,hyper_erlang,Hyper Erlang,1,44,1.0,1.0000000000000002,13.624803439773158,5.61109410453358,43.57286634631821
825,service,coxian,Coxian,1,55,0.540999342705785,0.5409993427057851,4.742330788550514,7.388607329375762,81.38211897431931
826,arrival,coxian,Coxian,2,54,1.0,1.0,2.7751880824288246,2.9513705207812992,14.943508602016536
826,service,hyper_general,Hyper General,1,60,0.5610049712421483,0.5610049712421483,4.711848782779253,581.7633773217294,865921.4368454862
827,arrival,hyper_general,Hyper General,3,90,1.0,1.0000000000000002,4.768427406868522,9.530190148786904,398.6040521731313
827,service,hyper_erlang,Hyper Erlang,1,79,0.6508911742184079,0.6508911742184078,5.169401986885255,3.619217407577281,21.219217207858108
828,arrival,hyper_erlang,Hyper Erlang,1,29,1.0,1.0,2.470367380167671,3.7463966655207543,25.55343206657559
828,service,coxian,Coxian,1,76,0.5606135730045965,0.5606135730045965,1.5133576008228768,3.5665142483010372,24.940887085159194
829,arrival,coxian,Coxian,2,98,1.0,1.0000000000000002,0.9836533500318034,1.990046769539946,8.952237137067295
829,service,hyper_general,Hyper General,3,74,0.7501285564904054,0.7501285564904041,5.664392030498564,71.74759705198252,19390.78749089842
830,arrival,hyper_general,Hyper General,2,49,1.0,1.0,7.876331135266732,8.497258365669285,166.01680471332577
830,service,hyper_erlang,Hyper Erlang,1,19,0.8250408479477441,0.8250408479477445,8.396873171386304,4.0403261053067405,21.6453829075715
831,arrival,hyper_erlang,Hyper Erlang,1,90,1.0,0.9999999999999997,5.577712107257607,2.3459384229039135,7.392125229134812
831,service,coxian,Coxian,2,6,0.725041801542697,0.725041801542697,1.1261192441227592,1.9509322464473426,8.14882838708731
832,arrival,coxian,Coxian,1,46,1.0,0.9999999999999999,0.672227682014574,1.4314488917440549,6.18119310928112
832,service,hyper_general,Hyper General,1,10,0.8313103518179829,0.8313103518179829,2.754166491237657,5.329241105583347,94.33729188848405
833,arrival,hyper_general,Hyper General,1,56,1.0,1.0000000000000002,6.50097020806431,25.0325870067465,1072.6987324364375
833,service,hyper_erlang,Hyper Erlang,1,20,0.844128181367954,0.8441281813679541,9.897225385931565,8.652827519646786,123.70436230842353
834,arrival,hyper_erlang,Hyper Erlang,1,92,1.0,1.0,1.7466886677089928,1.4777169137439983,4.407334884159915
834,service,coxian,Coxian,1,99,0.7173909436103716,0.7173909436103715,2.669937054668778,2.2630202213375075,9.718316421928142
835,arrival,coxian,Coxian,1,69,1.0,1.0,13.389698930456898,5.072861105046631,36.26434414776642
835,service,hyper_general,Hyper General,3,84,0.5367439951850657,0.5367439951850657,14.166780188264154,48.08196203769244,10903.246061311107
836,arrival,hyper_general,Hyper General,1,21,1.0,0.9999999999999996,2.941774998395139,4.7888326043136304,345.6840826977553
836,service,hyper_erlang,Hyper Erlang,1,55,0.6929802746042178,0.6929802746042174,8.571900153566888,7.44196986018848,87.55953697210433
837,arrival,hyper_erlang,Hyper Erlang,2,16,1.0,1.0,9.86492049984964,3.343902059476256,13.579737241396737
837,service,coxian,Coxian,1,6,0.6152014626248912,0.6152014626248911,16.327671452657825,18.174115505208654,556.4490641686374
838,arrival,coxian,Coxian,2,24,1.0,1.0,5.162425090917411,3.4279203153118565,18.734991699399338
838,service,hyper_general,Hyper General,1,83,0.601932995461906,0.6019329954618996,13.69522795352762,18.539789678423887,623.4859863107391
839,arrival,hyper_general,Hyper General,1,11,1.0,0.9999999999999997,15.914273744684397,10.731327378174917,162.94407439669695
839,service,hyper_erlang,Hyper Erlang,1,9,0.558427354958763,0.5584273549587631,7.730079858430411,4.881001872677026,36.955215590814866
840,arrival,hyper_erlang,Hyper Erlang,1,8,1.0,1.0,0.4574111764125375,1.0584630854166768,5.213747453255363
840,service,coxian,Coxian,2,5,0.736476102969184,0.7364761029691839,2.9498050875551565,2.330623244908016,9.853381832184295
841,arrival,coxian,Coxian,1,85,1.0,1.0,17.846799813677617,9.016266012637356,114.11659670491633
841,service,hyper_general,Hyper General,2,10,0.5150040501058379,0.515004050105838,1.7060912495366622,5.83098428238603,82.65751264657
842,arrival,hyper_general,Hyper General,1,64,1.0,1.000000000000007,12.037265648579108,10.140204066777912,195.17623358123936
842,service,hyper_erlang,Hyper Erlang,1,39,0.5701417698254136,0.5701417698254136,1.4421424774926144,3.4823859393292764,91.05197535809585
843,arrival,hyper_erlang,Hyper Erlang,2,48,1.0,1.0,8.674352496306167,5.397337463178933,35.29705428741833
843,service,coxian,Coxian,1,64,0.5568317812402841,0.5568317812402841,8.928342081318059,4.623997563278802,31.43496278225768
844,arrival,coxian,Coxian,1,57,1.0,1.0,2.6486936134448085,2.877364120878133,21.350920215963146
844,service,hyper_general,Hyper General,2,38,0.8289754248255843,0.8289754248255844,4.26178505759016,28.972398390484088,4152.254694645882
845,arrival,hyper_general,Hyper General,2,70,1.0,1.0000000000000002,5.062761760682377,12.673568341801658,380.651045918964
845,service,hyper_erlang,Hyper Erlang,1,69,0.6446915138017179,0.6446915138017182,10.653926184511482,5.0635979424339075,33.62247597970781
846,arrival,hyper_erlang,Hyper Erlang,1,13,1.0,1.0,7.056682180602481,7.061724693129432,67.98015189425543
846,service,coxian,Coxian,1,18,0.9356719191460574,0.9356719191460576,0.962908546016519,1.9947368866321977,8.977338124169531
847,arrival,coxian,Coxian,1,93,1.0,1.0,2.40710211541509,1.9141283514702805,7.28574440226439
847,service,hyper_general,Hyper General,2,83,0.8468454600561272,0.846845460056127,9.096497432494298,7.827284818976472,103.1241837856118
848,arrival,hyper_general,Hyper General,2,27,1.0,1.0000000000000002,3.2151909637965943,4.2506100772220075,31.76414548536454
848,service,hyper_erlang,Hyper Erlang,1,19,0.5191396671659969,0.5191396671659968,9.108775629784677,5.620098862914717,48.63020916453087
849,arrival,hyper_erlang,Hyper Erlang,2,57,1.0,1.0,1.9073579073349278,1.205947198045275,3.536836682749416
849,service,coxian,Coxian,1,29,0.8346219705745179,0.8346219705745177,12.586595581491183,7.029637566883245,68.0419887931896
850,arrival,coxian,Coxian,2,39,1.0,0.9999999999999998,1.0072209907227059,2.1331666792790394,13.092078496976946
850,service,hyper_general,Hyper General,1,86,0.7400125435340208,0.7400125435340223,9.075801129509724,9.824259178644331,214.4897081163545
851,arrival,hyper_general,Hyper General,2,25,1.0,1.0,10.928279241180785,11.365015423766788,327.77278612454995
851,service,hyper_erlang,Hyper Erlang,2,19,0.5671032109529497,0.5671032109529497,15.477651849780655,10.61644255322264,149.94553483741865
852,arrival,hyper_erlang,Hyper Erlang,2,28,1.0,1.0000000000000002,1.6196219178169906,3.673014668758516,42.340224548579805
852,service,coxian,Coxian,1,71,0.6952278110083342,0.6952278110083343,16.095840756962023,7.302406453722356,77.64891417013538
853,arrival,coxian,Coxian,1,21,1.0,1.0,1.0013792781544884,2.0561387473583688,9.86734643465391
853,service,hyper_general,Hyper General,1,87,0.6979423837971473,0.6979423837971476,6.891336377667057,18.35350660477736,543.8077396271866
854,arrival,hyper_general,Hyper General,1,5,1.0,0.9999999999999999,1.0000000000000002,2.0,9.0
854,service,hyper_erlang,Hyper Erlang,1,5,0.8591879927353929,0.8591879927353929,0.919426472574467,1.378146404071435,5.683881830029509
855,arrival,hyper_erlang,Hyper Erlang,1,2,1.0,1.0,1.0996070440171635,2.0454946036889523,9.212709910286007
855,service,coxian,Coxian,1,6,0.7185101936991807,0.7185101936991806,0.9960289410262833,1.999233436372387,8.995180325745803
856,arrival,coxian,Coxian,1,15,1.0,0.9999999999999998,1.073535402587659,3.270079169590667,40.03045396962073
856,service,hyper_general,Hyper General,1,97,0.5734222876939702,0.5734222876939704,4.334848872550866,43.739952788874525,4369.840004266907
857,arrival,hyper_general,Hyper General,3,52,1.0,1.0,10.933225162477955,186.43586807674782,104778.17402069844
857,service,hyper_erlang,Hyper Erlang,1,84,0.8877107911069111,0.8877107911069122,0.9927730796292201,0.2149545381327426,1.2999056518702634
858,arrival,hyper_erlang,Hyper Erlang,1,59,1.0,1.0000000000000004,1.0449220908875092,0.5379193795557369,2.007825231910411
858,service,coxian,Coxian,1,32,0.7243673151342263,0.7243673151342261,1.2911926650946435,17.131436831819702,1423.0672492897593
859,arrival,coxian,Coxian,1,78,1.0,1.0,0.848134524977882,1.8885563220235877,8.497568366318065
859,service,hyper_general,Hyper General,2,70,0.7194751563393977,0.7194751563393903,13.734709329736857,12.822554053189632,266.7999609262149
860,arrival,hyper_general,Hyper General,1,26,1.0,1.0000000000000002,7.344343313876863,6.713211150843234,109.09625407795168
860,service,hyper_erlang,Hyper Erlang,1,99,0.827072879341214,0.827072879341214,10.735007414991875,6.527838446642176,51.18937539718935
861,arrival,hyper_erlang,Hyper Erlang,1,57,1.0,0.9999999999999997,17.657805656710284,4.429289799144579,22.059580849985277
861,service,coxian,Coxian,1,45,0.9271747069483305,0.9271747069483304,1.521361800501193,2.1236134496451338,9.731535883429254
862,arrival,coxian,Coxian,1,42,1.0,1.0,5.057108681481876,5.656679409935469,47.13886116612152
862,service,hyper_general,Hyper General,1,33,0.6488037326153218,0.6488037326153218,10.827394732427095,14.928749648936359,333.03488932092927
863,arrival,hyper_general,Hyper General,1,100,1.0,1.0000000000000002,6.77091773340235,18.82629058185209,658.9962947692468
863,service,hyper_erlang,Hyper Erlang,2,63,0.8635144453326178,0.8635144453326173,4.0528589105424695,2.6561060921208712,11.082168444658592
864,arrival,hyper_erlang,Hyper Erlang,1,99,1.0,0.9999999999999999,9.557221075529403,5.175638339122872,34.35713113022784
864,service,coxian,Coxian,2,66,0.8043147563414028,0.8043147563414026,2.7902831286616276,3.2654046146809037,18.758880931215188
865,arrival,coxian,Coxian,3,7,1.0,1.0,0.5828726958494213,1.6171222710521913,7.11819117919826
865,service,hyper_general,Hyper General,1,25,0.6668804172301307,0.6668804172301307,1.3927377012698845,35.021048060751646,6317.0825303293295
866,arrival,hyper_general,Hyper General,1,40,1.0,1.0,8.01976773938324,7.097838297848287,89.95587252814929
866,service,hyper_erlang,Hyper Erlang,1,88,0.5989152210189953,0.5989152210189949,4.257007941742653,4.467375703195383,31.362557536450446
867,arrival,hyper_erlang,Hyper Erlang,1,83,1.0,0.9999999999999999,2.9406036302268226,7.022042417839461,76.68857425042916
867,service,coxian,Coxian,1,98,0.7578886142589426,0.7578886142589425,1.4212298729670596,2.2594375131462936,10.354282329871607
868,arrival,coxian,Coxian,1,28,1.0,1.0,1.644744205056535,2.578955336933868,12.421753714914377
868,service,hyper_general,Hyper General,1,58,0.9497649324808966,0.9497649324808966,4.473930171013125,7.597342758684838,224.93800783698154
869,arrival,hyper_general,Hyper General,1,41,1.0,1.0,11.75320837785124,13.701514600390084,324.10593128385267
869,service,hyper_erlang,Hyper Erlang,1,60,0.5960590915182433,0.5960590915182428,0.8439182085805347,1.2712284137178953,5.1667717240918
870,arrival,hyper_erlang,Hyper Erlang,1,57,1.0,1.0,7.704581742268344,12.730043348005431,228.4923558084551
870,service,coxian,Coxian,1,49,0.7164901018114157,0.7164901018114159,0.9976587829819633,13.445705852644144,422.69745688879306
871,arrival,coxian,Coxian,1,13,1.0,0.9999999999999999,3.6796920313651373,3.138443789668508,16.378959553433315
871,service,hyper_general,Hyper General,1,13,0.9042561503218236,0.9042561503218236,0.9999996799472144,2.0000000317731073,9.000000931319079
872,arrival,hyper_general,Hyper General,1,47,1.0,1.0,4.615076809967483,10.73121948179683,475.46074083192866
872,service,hyper_erlang,Hyper Erlang,1,81,0.6326716195551574,0.6326716195551578,1.7721119080462306,16.808791670560222,319.03324927559197
873,arrival,hyper_erlang,Hyper Erlang,1,51,1.0,1.0,11.676662252745325,4.61055953975493,25.598524741759363
873,service,coxian,Coxian,1,73,0.8371869777891489,0.8371869777891487,0.8743346960123289,1.897439063168047,8.505879630324896
874,arrival,coxian,Coxian,1,85,1.0,1.0000000000000002,1.6434751154839005,2.1746919888218503,9.830340809954874
874,service,hyper_general,Hyper General,1,6,0.8304015918378103,0.8304015918378101,1.5307011119624823,2.4366368184812766,11.505758793078899
875,arrival,hyper_general,Hyper General,1,87,1.0,0.9999999999999725,7.915170863006881,14.415228481648333,352.67065479873185
875,service,hyper_erlang,Hyper Erlang,1,16,0.6558203457300669,0.655820345730067,15.991551008414453,6.064300011109301,52.002027551027574
876,arrival,hyper_erlang,Hyper Erlang,1,67,1.0,1.0,0.658113499446366,1.050466097694548,4.653959103022726
876,service,coxian,Coxian,2,50,0.8240793957451601,0.8240793957451602,0.7548462584952986,1.6157459313707834,6.8384274570858805
877,arrival,coxian,Coxian,1,98,1.0,1.0000000000000002,1.0614863404545885,17.10895001058953,1454.9421768998411
877,service,hyper_general,Hyper General,1,84,0.7213334070749158,0.7213334070749187,2.3894991080184633,5.136862631682956,68.33610704922512
878,arrival,hyper_general,Hyper General,1,53,1.0,1.0,5.943744194030651,49.93729181304139,7508.627221927309
878,service,hyper_erlang,Hyper Erlang,1,84,0.5341296053545586,0.5341296053545588,0.04864381449437921,-0.11249272625050585,4.691137630318767
879,arrival,hyper_erlang,Hyper Erlang,1,80,1.0,0.9999999999999999,1.3822127507884372,1.079857753859054,4.987435512962425
879,service,coxian,Coxian,2,46,0.6032545827304607,0.6032545827304605,3.2188092432109587,3.123945769971303,20.12320609595286
880,arrival,coxian,Coxian,1,17,1.0,0.9999999999999998,2.3692322223042113,2.376745288956829,10.809496629925821
880,service,hyper_general,Hyper General,1,19,0.8898768758237807,0.8898768758237807,1.0014843959903326,2.0007559011987435,9.00558277096289
881,arrival,hyper_general,Hyper General,2,19,1.0,1.0,1.153116208313199,4.029006727484372,60.54497736168272
881,service,hyper_erlang,Hyper Erlang,2,52,0.8111098497152751,0.8111098497152751,4.640187042660925,19.161099289140612,446.6801531348694
882,arrival,hyper_erlang,Hyper Erlang,1,8,1.0,0.9999999999999999,1.0600508662889019,1.0761090636333994,4.134731393263771
882,service,coxian,Coxian,1,14,0.7032551383562655,0.7032551383562654,7.842626186128758,28.934344029226175,2714.673186270283
883,arrival,coxian,Coxian,1,48,1.0,1.0,2.816368418729197,3.1586861845054455,24.286601584848984
883,service,hyper_general,Hyper General,4,70,0.9065555564730414,0.9065555564730426,17.27425732882111,8.191456224324728,101.98702897906733
884,arrival,hyper_general,Hyper General,4,71,1.0,0.9999999999999987,14.440008798268561,6.254867131621137,56.1191613779556
884,service,hyper_erlang,Hyper Erlang,1,21,0.5983594884237649,0.598359488423765,5.4309870601726224,3.272016745651734,16.078554499508297
885,arrival,hyper_erlang,Hyper Erlang,1,73,1.0,1.0,6.20749655660891,5.366173449767015,46.14509256120083
885,service,coxian,Coxian,1,39,0.7432326824524702,0.7432326824524702,4.31857230823093,3.0984814811486876,14.52917405001687
886,arrival,coxian,Coxian,1,49,1.0,1.0,5.464209623633075,3.5195910543046938,19.683030910769155
886,service,hyper_general,Hyper General,2,50,0.9456074711893533,0.9456074711893534,4.726145487342817,4.412754906833025,40.877022611940525
887,arrival,hyper_general,Hyper General,1,13,1.0,1.0,2.071937691719388,5.9255792642473315,114.29731042783017
887,service,hyper_erlang,Hyper Erlang,1,46,0.6391488523749494,0.6391488523749493,4.689667442141528,3.372576419557773,16.94185610558372
888,arrival,hyper_erlang,Hyper Erlang,1,17,1.0,1.0,5.577915618023415,3.1098672561731875,14.677079356854977
888,service,coxian,Coxian,1,37,0.5311481192135492,0.5311481192135491,0.8604781776643042,1.7458470455552708,7.487017628416748
889,arrival,coxian,Coxian,1,83,1.0,1.0,1.5164919113650543,2.264494538339338,13.056219435586224
889,service,hyper_general,Hyper General,1,88,0.9314451929293357,0.9314451929293366,3.0426061188064306,12.018191214481183,813.3232792578518
890,arrival,hyper_general,Hyper General,4,56,1.0,1.0,6.027026202197324,13.109105032334488,4565.789666983944
890,service,hyper_erlang,Hyper Erlang,1,66,0.7769445189512532,0.7769445189512532,15.007898512090428,7.759058962907181,87.00992347903743
891,arrival,hyper_erlang,Hyper Erlang,1,66,1.0,1.0,2.764350198960251,2.5195899199192326,17.227660894249198
891,service,coxian,Coxian,1,57,0.6437215525509833,0.6437215525509834,9.734516197498126,5.5507772150954535,44.30215579947777
892,arrival,coxian,Coxian,1,11,1.0,1.0000000000000002,1.1129897829061464,1.9900541644623466,8.942969799383471
892,service,hyper_general,Hyper General,1,52,0.887003929766627,0.8870039297666269,10.731090475594016,27.247894078067475,1556.7160502745749
893,arrival,hyper_general,Hyper General,1,70,1.0,0.9999999999999964,16.91298240042997,15.25823381616443,636.6539852601892
893,service,hyper_erlang,Hyper Erlang,1,42,0.6296605662215387,0.6296605662215391,0.899164861282385,0.23200564530517143,1.37031598828633
894,arrival,hyper_erlang,Hyper Erlang,3,12,1.0,1.0,0.3522483980546296,4.031805780089042,220.27328898478132
894,service,coxian,Coxian,1,68,0.7885664418833123,0.7885664418833123,0.9999993022798045,1.9999999214817423,8.999999542707098
895,arrival,coxian,Coxian,1,74,1.0,1.0,6.694995047927385,5.037445571656635,36.80196303341568
895,service,hyper_general,Hyper General,1,100,0.8808988943402499,0.8808988943402498,6.545588356064719,10.908976921270911,268.4229991718824
896,arrival,hyper_general,Hyper General,1,37,1.0,1.0000000000000002,3.807211178702341,3.735009453939381,26.9788353719792
896,service,hyper_erlang,Hyper Erlang,1,78,0.5583517034859349,0.558351703485935,6.984236595437071,3.1048014122129217,15.682815649576954
897,arrival,hyper_erlang,Hyper Erlang,1,55,1.0,1.0000000000000002,1.3718898583601595,1.052483945959363,2.334373367945816
897,service,coxian,Coxian,2,88,0.6889267091628362,0.688926709162836,1.1243865768337031,2.029960252110149,9.46374939159782
898,arrival,coxian,Coxian,1,50,1.0,1.0,1.0549594232393233,3.362316180747614,60.897321250178805
898,service,hyper_general,Hyper General,1,78,0.5910471468524178,0.5910471468524148,7.560957062342841,37.432420435140955,3563.4474087773356
899,arrival,hyper_general,Hyper General,2,44,1.0,1.0000000000000002,1.5400959176252071,4.482274194773372,748.1608736458179
899,service,hyper_erlang,Hyper Erlang,1,62,0.7877309202975888,0.7877309202975893,1.4267567171381925,0.8910338520308586,2.858946912478243
900,arrival,hyper_erlang,Hyper Erlang,1,82,1.0,1.0000000000000002,0.6393357105664356,0.3133501874032888,2.5136635011918926
900,service,coxian,Coxian,1,23,0.6486436488979743,0.6486436488979747,4.925902633396812,2.5660091878207476,10.137012461890059
901,arrival,coxian,Coxian,1,30,1.0,1.0000000000000002,1.7801203261262213,1.9654732417946472,8.400303695427313
901,service,hyper_general,Hyper General,1,75,0.8780775921874064,0.8780775921874066,3.627550254291727,3.1356970656919994,16.59724463086905
902,arrival,hyper_general,Hyper General,1,22,1.0,1.0000000000000002,4.413142583739354,3.9912188001777777,64.9858388214238
902,service,hyper_erlang,Hyper Erlang,1,100,0.9478944690363036,0.9478944690363036,8.697932859982005,3.0043214221920844,10.659936815514955
903,arrival,hyper_erlang,Hyper Erlang,1,88,1.0,1.0,1.9092535481073232,1.029034460653485,2.4852679510982587
903,service,coxian,Coxian,2,78,0.5336894377314004,0.5336894377314003,0.7048719002983916,2.081412991170866,10.897072512270203
904,arrival,coxian,Coxian,1,57,1.0,0.9999999999999997,1.9855421214940547,17.13682779991291,11779.017160237532
904,service,hyper_general,Hyper General,1,19,0.5243928457937267,0.5243928457937262,6.078627746656041,5.449865342633683,108.67773306324085
905,arrival,hyper_general,Hyper General,1,68,1.0,1.0,14.90360882219136,12.332258416668479,275.75136239436864
905,service,hyper_erlang,Hyper Erlang,1,51,0.6833304704455536,0.6833304704455537,1.914040848560151,1.267797194910977,3.5872304367944756
906,arrival,hyper_erlang,Hyper Erlang,2,89,1.0,1.0,7.482774646548579,3.663555065599851,19.54481540332058
906,service,coxian,Coxian,2,77,0.7009546369125226,0.7009546369125226,0.7647347528009244,1.9254942297596103,8.671718223769751
907,arrival,coxian,Coxian,1,32,1.0,1.0,0.9863544758296039,1.9955661146018393,8.978588382443375
907,service,hyper_general,Hyper General,1,4,0.706953116672665,0.7069531166726651,0.9999999999999996,2.0,9.000000000000005
908,arrival,hyper_general,Hyper General,1,30,1.0,1.0,12.45729551619691,16.487838030936963,395.3295308304583
908,service,hyper_erlang,Hyper Erlang,3,78,0.7349234867964236,0.7349234867964239,7.32882148800532,3.2260291076789835,14.284039358142827
909,arrival,hyper_erlang,Hyper Erlang,2,63,1.0,1.0,2.213823757808572,1.7931471117523101,6.287051469326469
909,service,coxian,Coxian,2,66,0.6720276133178233,0.6720276133178235,1.023297096031945,2.5477729319104823,28.81291263212887
910,arrival,coxian,Coxian,1,50,1.0,1.0,1.5036030025493514,1.7477200789271836,7.107143387631329
910,service,hyper_general,Hyper General,1,73,0.9301830860477279,0.930183086047728,15.125847168328345,31.00622755248479,3769.3797152257575
911,arrival,hyper_general,Hyper General,1,74,1.0,0.9999999999999984,18.730390454038947,12.767122037233959,398.3805008528509
911,service,hyper_erlang,Hyper Erlang,1,63,0.7021915250676245,0.7021915250676244,5.680124132898083,4.01098237627252,23.387837741420398
912,arrival,hyper_erlang,Hyper Erlang,1,26,1.0,1.0,6.6181097194111445,5.504032054885073,45.95218010616256
912,service,coxian,Coxian,1,9,0.7741825508322028,0.7741825508322028,0.9138463254959618,1.974790126091702,8.891778127998773
913,arrival,coxian,Coxian,1,16,1.0,1.0000000000000002,1.4547712359344398,263.7249896730693,922894.2161959669
913,service,hyper_general,Hyper General,4,52,0.8027839926963529,0.8027839926963527,5.541655384008809,9.26929799999156,195.66886157462457
914,arrival,hyper_general,Hyper General,4,69,1.0,1.0000000000000038,19.007248631587643,7.674506833151819,81.83793917831404
914,service,hyper_erlang,Hyper Erlang,1,18,0.8737305624013362,0.8737305624013363,11.029788852832494,15.181427435549494,367.30242812675476
915,arrival,hyper_erlang,Hyper Erlang,1,10,1.0,1.0,1.638729352000348,3.706731532865262,30.70676096194127
915,service,coxian,Coxian,1,48,0.6306527136924707,0.6306527136924708,0.7347268033454045,1.8266659125944553,8.096488935281895
916,arrival,coxian,Coxian,1,71,1.0,1.0,1.0341498571560175,3.1054692474692147,62.31012183840429
916,service,hyper_general,Hyper General,1,8,0.827353210731318,0.8273532107313182,1.3911298621778547,79.68313691715433,1024566.2663793422
917,arrival,hyper_general,Hyper General,2,26,1.0,1.0,11.28199431697143,5.560931574218115,45.32670644094678
917,service,hyper_erlang,Hyper Erlang,1,59,0.8620344715420055,0.8620344715420055,6.88542272487062,3.954262839600621,21.046110577256723
918,arrival,hyper_erlang,Hyper Erlang,1,30,1.0,1.0,0.6307832588444113,5.2609191802388775,36.044681516403706
918,service,coxian,Coxian,5,61,0.7896095538652439,0.7896095538652439,7.451209848563434,5.707468711236657,59.58306895850662
919,arrival,coxian,Coxian,1,88,1.0,1.0,0.6642173732244712,1.5679089876314072,6.808349120611703
919,service,hyper_general,Hyper General,2,38,0.5686407152990297,0.5686407152990299,3.9600757062733227,12.094074490736896,287.76141124862943
920,arrival,hyper_general,Hyper General,1,89,1.0,1.0000000000000009,7.390733615704689,18.498380432036914,546.1998209536665
920,service,hyper_erlang,Hyper Erlang,1,6,0.6646396538983067,0.6646396538983068,8.059452957810327,20.045321900446407,1238.5098783932167
921,arrival,hyper_erlang,Hyper Erlang,1,41,1.0,1.0,2.8114021174886026,2.032637294423688,7.375684002247997
921,service,coxian,Coxian,2,29,0.6548867743454498,0.6548867743454496,15.811564100557662,6.952399391918983,100.37777465137937
922,arrival,coxian,Coxian,1,3,1.0,1.0,0.8641222970480884,1.6063217777939303,6.676343663797217
922,service,hyper_general,Hyper General,1,50,0.7027677958196982,0.7027677958196982,3.3144195180103884,15.408865430811776,761.1621519680274
923,arrival,hyper_general,Hyper General,1,57,1.0,1.0,1.0239315797928095,2.388423403617133,29.770341564086934
923,service,hyper_erlang,Hyper Erlang,1,42,0.8776737689314029,0.877673768931403,4.212884837238238,2.9587056694027245,14.215085655816722
924,arrival,hyper_erlang,Hyper Erlang,1,27,1.0,0.9999999999999998,16.118191069615044,9.281435400905936,128.09441248340565
924,service,coxian,Coxian,1,55,0.7491450245799232,0.7491450245799233,0.988417187043557,1.9953771872810064,8.97417339932237
925,arrival,coxian,Coxian,1,17,1.0,0.9999999999999999,1.269549093006423,2.044641687806232,9.231467627358619
925,service,hyper_general,Hyper General,1,88,0.7353215959841994,0.7353215959841994,18.610083494032338,17.924596521118048,544.8123984563846
926,arrival,hyper_general,Hyper General,1,6,1.0,1.0,0.9999998247824671,1.9999996576232497,8.99999773937634
926,service,hyper_erlang,Hyper Erlang,1,71,0.7695021177991934,0.7695021177991934,0.9398610067768918,0.8122997347395872,3.3523676999581755
927,arrival,hyper_erlang,Hyper Erlang,1,60,1.0,1.0000000000000002,1.4176144020584525,1.0239934712973702,3.3402855969872043
927,service,coxian,Coxian,1,57,0.8668006389958738,0.8668006389958737,7.118766035079069,4.026981277583165,24.755279859180163
928,arrival,coxian,Coxian,1,69,1.0,0.9999999999999998,4.074349456331552,4.765175700660288,40.43309884564609
928,service,hyper_general,Hyper General,1,40,0.595591013103419,0.5955910131034189,13.800645282580936,50.10190189286564,5788.521623720647
929,arrival,hyper_general,Hyper General,1,92,1.0,1.0000000000000018,6.113846563681438,5.638844650638015,63.86912515018279
929,service,hyper_erlang,Hyper Erlang,1,14,0.5905940104945301,0.5905940104945298,2.441710791397884,2.0225904568604105,7.362717449548778
930,arrival,hyper_erlang,Hyper Erlang,2,79,1.0,1.0,0.023356982830254225,0.2773811067613678,3.2945218443445374
930,service,coxian,Coxian,1,88,0.6651122905201348,0.6651122905201348,1.0374280299753469,5.878120375034622,352.83485509926203
931,arrival,coxian,Coxian,1,20,1.0,1.0,0.9938197643538964,2.003839106302541,9.547137115252847
931,service,hyper_general,Hyper General,1,52,0.6578814554620281,0.6578814554620283,11.883496502628354,8.115235432335911,116.62384112567621
932,arrival,hyper_general,Hyper General,3,83,1.0,1.0,14.129531409583372,59.5050971702685,5251.98277068969
932,service,hyper_erlang,Hyper Erlang,1,47,0.5225637167768429,0.5225637167768434,0.0555820574323617,0.47020334132994984,3.3348048358496127
933,arrival,hyper_erlang,Hyper Erlang,1,76,1.0,0.9999999999999999,6.169180655527822,4.903904316261192,34.21377489678905
933,service,coxian,Coxian,1,26,0.8258355066369586,0.8258355066369584,1.9979384029346619,1.8214531656670165,7.050971869501068
934,arrival,coxian,Coxian,2,43,1.0,1.0000000000000002,0.8693504642031554,2.4951683064414176,55.17864376336805
934,service,hyper_general,Hyper General,1,68,0.5214487034347179,0.5214487034347174,8.559349824909294,5.968222137354012,77.66825661091725
935,arrival,hyper_general,Hyper General,2,29,1.0,1.0,17.67268136677849,18.819527911719085,553.849260233973
935,service,hyper_erlang,Hyper Erlang,1,80,0.8909949404422102,0.8909949404422101,8.45858883169221,4.178250558652274,21.83880712646105
936,arrival,hyper_erlang,Hyper Erlang,1,12,1.0,1.0,6.176151449929034,3.3171023104389996,16.326198810669183
936,service,coxian,Coxian,1,43,0.7292797173889325,0.7292797173889325,11.232748029638273,5.020034149083716,36.60347375934927
937,arrival,coxian,Coxian,1,80,1.0,1.0,2.02721157946191,17.067440982670764,529.434888829352
937,service,hyper_general,Hyper General,1,24,0.6717432363535538,0.6717432363535538,1.5485928465737884,29.13923799051093,4717.776995459955
938,arrival,hyper_general,Hyper General,1,76,1.0,0.999999999999996,4.5936848300471915,4.172893070957965,32.679895962950006
938,service,hyper_erlang,Hyper Erlang,1,59,0.9314271704342395,0.931427170434239,1.9349089867245994,4.545102981765471,50.70248605370303
939,arrival,hyper_erlang,Hyper Erlang,1,68,1.0,0.9999999999999999,10.725446606604617,6.403023079205576,66.24658942116655
939,service,coxian,Coxian,1,98,0.6670844966251311,0.6670844966251311,1.4740551460583693,2.0464841464350862,9.155584225916293
940,arrival,coxian,Coxian,1,28,1.0,1.0,0.8774828798652934,1.9737770381019482,8.889320667959387
940,service,hyper_general,Hyper General,3,49,0.9244787798413701,0.92447877984137,4.326193151306573,68.26048604368232,17543.82122980267
941,arrival,hyper_general,Hyper General,2,28,1.0,1.0,2.8604964736449743,5.46618143410558,63.950299934291486
941,service,hyper_erlang,Hyper Erlang,1,97,0.8176553540452148,0.8176553540452147,2.3390562000374877,2.6485279378072435,13.438121070544971
942,arrival,hyper_erlang,Hyper Erlang,2,29,1.0,0.9999999999999998,4.0816719634574525,4.120105480139806,25.251192716646273
942,service,coxian,Coxian,1,7,0.9240565751179912,0.9240565751179913,15.760710337941747,9.03131867228654,112.74796229090573
943,arrival,coxian,Coxian,1,15,1.0,0.9999999999999998,15.750669517180192,7.3213623262741505,76.663672802546
943,service,hyper_general,Hyper General,1,14,0.6101939838526352,0.6101939838526353,17.443264515916088,9.701177883291862,132.0808398250791
944,arrival,hyper_general,Hyper General,2,55,1.0,0.9999999999999987,9.77207386103561,5.909566049707685,61.17256628644216
944,service,hyper_erlang,Hyper Erlang,1,13,0.6030552762582089,0.6030552762582092,1.4137865859445982,0.6366719556654018,1.9610654418711078
945,arrival,hyper_erlang,Hyper Erlang,1,19,1.0,1.0,1.375193756846853,1.7335566092963202,6.880482505640103
945,service,coxian,Coxian,1,47,0.9143256657841994,0.9143256657841993,7.0881239257034565,33.84331712617842,1732.8983129346377
946,arrival,coxian,Coxian,1,63,1.0,1.0,0.5351835267435261,1.5820744060344254,7.219186246813689
946,service,hyper_general,Hyper General,2,48,0.6263770098146038,0.6263770098146033,11.662620402350464,12.76804330507513,292.71750524371043
947,arrival,hyper_general,Hyper General,1,86,1.0,0.9999999999999986,4.425929046292497,27.241145574651114,2266.55729842506
947,service,hyper_erlang,Hyper Erlang,1,79,0.5309959917726912,0.5309959917726912,7.226458694460633,3.5235051885612743,15.466286369249081
948,arrival,hyper_erlang,Hyper Erlang,1,40,1.0,1.0,5.3881688590006895,2.8501187229442846,11.377476288324864
948,service,coxian,Coxian,1,70,0.7476287299148152,0.7476287299148152,1.6850230801917943,9.985382906074237,247.52340372152005
949,arrival,coxian,Coxian,1,29,1.0,1.0,8.031869212691614,5.365842943746682,41.95195980261089
949,service,hyper_general,Hyper General,2,54,0.7300269944921649,0.7300269944921647,6.594127567931574,68.87917524819885,20026.160849321837
950,arrival,hyper_general,Hyper General,2,30,1.0,1.0000000000000002,2.0894593903539462,8.298824143118,330.25349907338807
950,service,hyper_erlang,Hyper Erlang,1,22,0.7261697938785199,0.7261697938785202,18.39899396864224,7.301829799891316,78.45665010216489
951,arrival,hyper_erlang,Hyper Erlang,1,78,1.0,1.0,4.396844123433083,5.356192712894112,49.0407855358769
951,service,coxian,Coxian,1,44,0.8813226259783781,0.8813226259783783,14.055097041621444,5.97998846340214,50.62854846248403
952,arrival,coxian,Coxian,1,70,1.0,0.9999999999999999,14.634721984300983,10.484091231310751,154.45348689763117
952,service,hyper_general,Hyper General,1,80,0.7533045209011394,0.7533045209011389,3.7895502877737237,4.018154394986422,41.555623685315275
953,arrival,hyper_general,Hyper General,1,63,1.0,0.9999999999999987,1.5620074942842355,6.650401747454031,471.46452299642834
953,service,hyper_erlang,Hyper Erlang,1,67,0.6536629226863676,0.6536629226863675,7.018186499265875,5.3675925735766254,36.01473555635553
954,arrival,hyper_erlang,Hyper Erlang,1,92,1.0,1.0,3.281903928835095,2.6124387526593376,10.739864964575148
954,service,coxian,Coxian,1,15,0.6347851812712313,0.6347851812712311,0.9331323274912807,1.9393831068081546,8.72425437096365
955,arrival,coxian,Coxian,1,62,1.0,1.0,0.9778533928977282,1.9758978746213434,8.86554428830023
955,service,hyper_general,Hyper General,1,57,0.5330499135549999,0.5330499135549999,2.043161430938752,90.70577620547745,24266.53002020309
956,arrival,hyper_general,Hyper General,1,85,1.0,1.0,3.2293793854849664,3.0165563730195633,22.863418372151564
956,service,hyper_erlang,Hyper Erlang,1,92,0.8877093425052992,0.8877093425052994,0.8329998144537997,1.4406638274749595,4.640716746765628
957,arrival,hyper_erlang,Hyper Erlang,1,44,1.0,1.0000000000000004,13.023037741694479,10.745379152338664,165.28914992341328
957,service,coxian,Coxian,1,63,0.5938535386595764,0.5938535386595764,8.972971351639092,66.73340259309303,6653.474070450505
958,arrival,coxian,Coxian,1,31,1.0,1.0000000000000002,0.87311772694947,42.600330783290254,104704.57322503887
958,service,hyper_general,Hyper General,1,72,0.6443442304939572,0.6443442304939572,18.434661937285178,119.91454030529422,23730.86382040952
959,arrival,hyper_general,Hyper General,1,72,1.0,1.0000000000000002,11.367054245952142,107.69044077944588,23059.48220214403
959,service,hyper_erlang,Hyper Erlang,1,23,0.6956532934135315,0.6956532934135313,14.200899072065056,19.19635228944272,398.8860677809741
960,arrival,hyper_erlang,Hyper Erlang,1,8,1.0,1.0,8.376870664247958,4.261967136245014,23.29060520536613
960,service,coxian,Coxian,2,10,0.5184437395482222,0.5184437395482224,18.54904544500612,6.621397241655841,59.98901258375112
961,arrival,coxian,Coxian,2,80,1.0,1.0,0.9665619303605963,2.024014178935845,16.617762794655064
961,service,hyper_general,Hyper General,2,96,0.7364344364596291,0.7364344364596287,9.422920094864631,6.77460506331628,83.1964382772482
962,arrival,hyper_general,Hyper General,1,71,1.0,1.0,3.224517091049621,25.170030249432873,1306.2231508026332
962,service,hyper_erlang,Hyper Erlang,2,57,0.7216623272520502,0.7216623272520509,0.2404679601328908,-0.8161249434151036,2.2049987224610192
963,arrival,hyper_erlang,Hyper Erlang,1,38,1.0,1.0,0.03974540377385227,-0.39748283401696133,6.077744734304918
963,service,coxian,Coxian,1,56,0.9170833549193607,0.9170833549193608,1.2078060412043652,2.1559564554407165,9.814504103213187
964,arrival,coxian,Coxian,1,62,1.0,1.0,0.649094275055917,1.8004774731734667,8.112739687730695
964,service,hyper_general,Hyper General,3,53,0.9072288291522219,0.907228829152221,11.538215348014168,7.201461440221403,83.86845354968837
965,arrival,hyper_general,Hyper General,1,27,1.0,1.0000000000000278,1.4942253492837319,4.166208272771173,42.37417648756526
965,service,hyper_erlang,Hyper Erlang,2,66,0.6363949134260142,0.6363949134260141,0.19350615887132097,-1.2750088052604256,3.9283973316124623
966,arrival,hyper_erlang,Hyper Erlang,1,17,1.0,1.0,3.5037898175079727,3.208638414279328,17.778552958141898
966,service,coxian,Coxian,2,7,0.6584003449429418,0.6584003449429418,1.2678854796652788,2.873196461818701,17.29435181095309
967,arrival,coxian,Coxian,1,59,1.0,1.0,3.923635172119912,9.573995628963297,235.02541412761244
967,service,hyper_general,Hyper General,2,23,0.675555141896556,0.6755551418965574,12.294230938489044,30.15902142525393,2727.680030509102
968,arrival,hyper_general,Hyper General,2,57,1.0,1.0,1.1967538159893687,6.979727197712051,291.66644614489115
968,service,hyper_erlang,Hyper Erlang,1,72,0.8261069734896173,0.8261069734896169,5.612962046781605,3.6607128216019458,17.242403668903645
969,arrival,hyper_erlang,Hyper Erlang,1,67,1.0,1.0,12.773847577254397,6.252273628425833,55.474072433049756
969,service,coxian,Coxian,1,63,0.8476562850331344,0.8476562850331345,0.9999664472667181,2.0004372660574337,9.008399512879018
970,arrival,coxian,Coxian,1,68,1.0,1.0,0.9884581154239753,1.9996218350699246,8.998471063566736
970,service,hyper_general,Hyper General,2,35,0.7392248989298309,0.7392248989298308,13.622986602689117,30.00485328470959,2499.959064922621
971,arrival,hyper_general,Hyper General,1,87,1.0,1.0,7.388391199699711,64.34582390723735,31428.033435308906
971,service,hyper_erlang,Hyper Erlang,1,85,0.6579484657620686,0.6579484657620683,0.727778162627014,1.2808728599157728,8.884548126552717
972,arrival,hyper_erlang,Hyper Erlang,1,30,1.0,1.0,0.41854822532903446,2.4093169437664606,12.28790864351081
972,service,coxian,Coxian,1,27,0.7082134302315577,0.7082134302315579,6.649983813142101,3.8815314692878546,23.220771103207177
973,arrival,coxian,Coxian,1,93,1.0,1.0,5.648384996126662,3.1759724521185557,15.653783002425278
973,service,hyper_general,Hyper General,1,49,0.8700666959602307,0.8700666959602306,1.2172678085042075,10.303494552768086,632.5868597915809
974,arrival,hyper_general,Hyper General,3,89,1.0,0.9999999999999998,3.1608588088860063,16.082708941668713,752.1212339942338
974,service,hyper_erlang,Hyper Erlang,1,16,0.813516196023689,0.8135161960236889,7.223198529661083,9.634942047709508,185.88851930025058
975,arrival,hyper_erlang,Hyper Erlang,1,47,1.0,1.0,10.047156671519728,3.1370695470571555,11.860830511287595
975,service,coxian,Coxian,3,88,0.8535510701097468,0.853551070109747,16.598041656325808,26.99465573884628,4121.997131740259
976,arrival,coxian,Coxian,1,54,1.0,1.0,0.9091562009357284,1.8010850600641823,7.733644999797815
976,service,hyper_general,Hyper General,1,65,0.6880447354013901,0.6880447354013907,9.085038494103236,47.08640800915447,6910.947155697808
977,arrival,hyper_general,Hyper General,1,23,1.0,1.0,11.67926446575578,8.02344742113248,94.11299208310577
977,service,hyper_erlang,Hyper Erlang,2,79,0.914323945257296,0.9143239452572973,9.66976162603383,3.447812939636801,15.140349140654367
978,arrival,hyper_erlang,Hyper Erlang,2,21,1.0,1.0000000000000002,13.015823101580116,3.8618623557025753,17.372054875654086
978,service,coxian,Coxian,1,3,0.6448659234289966,0.6448659234289966,1.327260053049306,3.021986143945854,18.11848928935688
979,arrival,coxian,Coxian,1,31,1.0,1.0000000000000002,0.9998932265961813,1.999963601905985,8.999763144312547
979,service,hyper_general,Hyper General,3,87,0.7271858612734059,0.7271858612734058,3.5023425262609535,7.464400059517069,140.20184370193897
980,arrival,hyper_general,Hyper General,2,53,1.0,1.0,18.87778467652219,6.860780638214066,67.21070341542705
980,service,hyper_erlang,Hyper Erlang,1,23,0.8340278423170754,0.8340278423170755,2.41339855454982,1.3203957677324791,3.6673495270895957
981,arrival,hyper_erlang,Hyper Erlang,1,26,1.0,1.0,3.935672016466456,2.589952293204733,10.165904133879758
981,service,coxian,Coxian,1,88,0.6831541707475701,0.6831541707475701,5.316367274611519,7.203373972561497,76.19630100471713
982,arrival,coxian,Coxian,1,40,1.0,1.0,0.9989732695406026,2.0098236799019453,9.797392753307383
982,service,hyper_general,Hyper General,1,82,0.8784336835520435,0.8784336835520441,2.3491334457859416,8.90758259756421,320.0768673044539
983,arrival,hyper_general,Hyper General,1,6,1.0,1.0000000000000002,1.7000657386292468,2.458103036800711,12.40506385857287
983,service,hyper_erlang,Hyper Erlang,1,29,0.5921019540473551,0.5921019540473551,8.402636928082313,4.9947827197685895,35.27391708252772
984,arrival,hyper_erlang,Hyper Erlang,1,85,1.0,0.9999999999999999,3.589260363969192,3.251470700396923,16.845403179883846
984,service,coxian,Coxian,1,94,0.7437820226697399,0.7437820226697398,1.0682000669563763,2.521376597022246,32.79909522772276
985,arrival,coxian,Coxian,1,17,1.0,0.9999999999999999,2.3156027227016946,5.133422579745871,45.111441470277306
985,service,hyper_general,Hyper General,1,20,0.9024365999197671,0.9024365999197672,2.6912828900485852,4.145513374990782,31.47158361533321
986,arrival,hyper_general,Hyper General,1,19,1.0,1.0000000000000002,1.0072599360988113,2.0861310936338753,11.394242341996051
986,service,hyper_erlang,Hyper Erlang,1,31,0.6466465867200341,0.6466465867200343,9.333463454128875,5.974019698135307,53.49923523423159
987,arrival,hyper_erlang,Hyper Erlang,1,7,1.0,1.0,8.060187419276378,4.728426335320522,32.95654290044656
987,service,coxian,Coxian,1,28,0.5389995006559172,0.5389995006559172,0.9980265788820092,2.002366626758456,9.025742973774761
988,arrival,coxian,Coxian,1,79,1.0,0.9999999999999996,1.3031599559677833,1.837362262873829,8.143787639603248
988,service,hyper_general,Hyper General,2,17,0.809667081682139,0.809667081682139,1.0785821969483165,2.4446002548773604,15.75287233479405
989,arrival,hyper_general,Hyper General,1,98,1.0,0.9999999999999988,19.15904269630522,14.292638052980863,328.77179281287727
989,service,hyper_erlang,Hyper Erlang,1,88,0.904809666186032,0.9048096661860322,0.7840387252906044,0.5396963808584933,2.2369958614897616
990,arrival,hyper_erlang,Hyper Erlang,1,94,1.0,0.9999999999999999,4.54514239986379,3.2360664153841086,20.232572516661794
990,service,coxian,Coxian,1,53,0.9232426480731473,0.9232426480731473,1.6643408072757193,18.486192194087355,825.343107629309
991,arrival,coxian,Coxian,1,79,1.0,1.0,1.4105238789731516,11.990394890115049,501.72753453261714
991,service,hyper_general,Hyper General,1,87,0.7154381394453304,0.7154381394453293,11.097314208607303,10.39539371759239,166.55507535374298
992,arrival,hyper_general,Hyper General,1,2,1.0,1.0000000000000002,1.0,1.9999999999999982,8.999999999999996
992,service,hyper_erlang,Hyper Erlang,1,31,0.866366627216864,0.8663666272168642,4.34401864355444,3.0441902612469507,14.76768221904697
993,arrival,hyper_erlang,Hyper Erlang,2,7,1.0,0.9999999999999999,1.7079857446684399,1.7008248029912478,6.514528245342962
993,service,coxian,Coxian,1,67,0.5842805025315969,0.5842805025315968,4.889756692558448,4.635591964893981,33.37621100418628
994,arrival,coxian,Coxian,1,38,1.0,1.0,0.6319129684550835,1.7836120158510937,7.984273152872955
994,service,hyper_general,Hyper General,1,34,0.5552795129620158,0.5552795129620158,15.571421627901582,13.22683294125291,394.6729248663787
995,arrival,hyper_general,Hyper General,1,36,1.0,1.0,6.917865554632848,10.318850659957969,210.93197743338482
995,service,hyper_erlang,Hyper Erlang,1,23,0.5474667693493647,0.5474667693493646,13.73500179934202,7.077084858997084,65.954636170145
996,arrival,hyper_erlang,Hyper Erlang,1,45,1.0,1.0,10.633396721662976,3.0493026173530327,10.629540411681758
996,service,coxian,Coxian,1,51,0.682223372832736,0.6822233728327363,1.3126326308551053,1.8810438300541088,8.21604077080735
997,arrival,coxian,Coxian,1,75,1.0,1.0,13.657397631606067,5.462121539282951,42.15588863612681
997,service,hyper_general,Hyper General,3,30,0.8737114439680924,0.8737114439680925,19.96653258460737,99.38379036341739,14508.69800400631
998,arrival,hyper_general,Hyper General,1,3,1.0,1.0,1.0,2.0,9.0
998,service,hyper_erlang,Hyper Erlang,1,78,0.837468824879801,0.837468824879801,6.434664595336042,6.090997400227484,76.27195561276841
999,arrival,hyper_erlang,Hyper Erlang,1,87,1.0,1.0,11.635054527233901,8.105565864203818,97.00949715939943
999,service,coxian,Coxian,1,45,0.9331399475118871,0.9331399475118873,0.8201853077640641,1.973399778430733,8.909583905749567
